,종류,지역,위도,경도
0,solar,제주시 구좌읍,33.51662,126.81055
1,solar,제주시 회천동,33.4956,126.61479
2,solar,제주시 한경면,33.3305,126.21066
3,solar,제주시 한경면,33.3305,126.21066
4,solar,제주시 구좌읍,33.51662,126.81055
5,solar,제주시 한경면,33.3305,126.21066
6,solar,제주시 한경면,33.3305,126.21066
7,solar,제주시 한경면,33.3305,126.21066
8,solar,제주시 조천읍,33.50888,126.66305
9,solar,서귀포시 성산읍,33.41805,126.88147
10,solar,제주시 애월읍,33.45079,126.3752
11,solar,제주시 한경면,33.3305,126.21066
12,solar,제주시 한경면,33.3305,126.21066
13,solar,제주시 애월읍,33.45079,126.3752
14,solar,제주시 한림읍,33.39344,126.26684
15,solar,제주시 조천읍,33.50888,126.66305
16,solar,제주시 한경면,33.3305,126.21066
17,solar,제주시 한경면,33.3305,126.21066
18,solar,서귀포시 안덕면,33.27688,126.34925
19,solar,서귀포시 안덕면,33.27688,126.34925
20,solar,서귀포시 성산읍,33.41805,126.88147
21,solar,제주시 조천읍,33.50888,126.66305
22,solar,제주시 한경면,33.3305,126.21066
23,solar,제주시 삼양일동,33.52345,126.599
24,solar,서귀포시 남원읍,33.3076683,126.6907475
25,solar,서귀포시 표선면,33.3504543,126.794049
26,solar,제주시 한경면,33.3305,126.21066
27,solar,제주시 애월읍,33.45079,126.3752
28,solar,서귀포시 성산읍,33.41805,126.88147
29,solar,서귀포시 성산읍,33.41805,126.88147
30,solar,제주시 애월읍,33.45079,126.3752
31,solar,제주시 애월읍,33.45079,126.3752
32,solar,서귀포시 성산읍,33.41805,126.88147
33,solar,서귀포시 성산읍,33.41805,126.88147
34,solar,서귀포시 성산읍,33.41805,126.88147
35,solar,서귀포시 표선면,33.3504543,126.794049
36,solar,서귀포시 표선면,33.3504543,126.794049
37,solar,서귀포시 표선면,33.3504543,126.794049
38,solar,서귀포시 표선면,33.3504543,126.794049
39,solar,서귀포시 표선면,33.3504543,126.794049
40,solar,서귀포시 표선면,33.3504543,126.794049
41,solar,서귀포시 표선면,33.3504543,126.794049
42,solar,제주시 애월읍,33.45079,126.3752
43,solar,제주시 애월읍,33.45079,126.3752
44,solar,서귀포시 성산읍,33.41805,126.88147
45,solar,제주시 애월읍,33.45079,126.3752
46,solar,서귀포시 표선면,33.3504543,126.794049
47,solar,서귀포시 표선면,33.3504543,126.794049
48,solar,제주시 구좌읍,33.51662,126.81055
49,solar,서귀포시 성산읍,33.41805,126.88147
50,solar,서귀포시 성산읍,33.41805,126.88147
51,solar,서귀포시 성산읍,33.41805,126.88147
52,solar,서귀포시 성산읍,33.41805,126.88147
53,solar,제주시 한림읍,33.39344,126.26684
54,solar,서귀포시 성산읍,33.41805,126.88147
55,solar,제주시 구좌읍,33.51662,126.81055
56,solar,제주시 구좌읍,33.51662,126.81055
57,solar,서귀포시 표선면,33.3504543,126.794049
58,solar,제주시 한경면,33.3305,126.21066
59,solar,제주시 구좌읍,33.51662,126.81055
60,solar,서귀포시 표선면,33.3504543,126.794049
61,solar,제주시 구좌읍,33.51662,126.81055
62,solar,제주시 구좌읍,33.51662,126.81055
63,solar,제주시 아라일동,33.46882,126.54574
64,solar,제주시 구좌읍,33.51662,126.81055
65,solar,제주시 조천읍,33.50888,126.66305
66,solar,제주시 해안동,33.44899,126.46036
67,solar,서귀포시 안덕면,33.27688,126.34925
68,solar,제주시 노형동,33.4781247,126.4754867
69,solar,제주시 도련일동,33.5059,126.5869
70,solar,서귀포시 성산읍,33.41805,126.88147
71,solar,서귀포시 성산읍,33.41805,126.88147
72,solar,서귀포시 성산읍,33.41805,126.88147
73,solar,제주시 애월읍,33.45079,126.3752
74,solar,서귀포시 표선면,33.3504543,126.794049
75,solar,서귀포시 표선면,33.3504543,126.794049
76,solar,서귀포시 표선면,33.3504543,126.794049
77,solar,제주시 구좌읍,33.51662,126.81055
78,solar,제주시 구좌읍,33.51662,126.81055
79,solar,제주시 조천읍,33.50888,126.66305
80,solar,제주시 한경면,33.3305,126.21066
81,solar,제주시 구좌읍,33.51662,126.81055
82,solar,서귀포시 성산읍,33.41805,126.88147
83,solar,서귀포시 안덕면,33.27688,126.34925
84,solar,제주시 애월읍,33.45079,126.3752
85,solar,서귀포시 대정읍,33.2218157,126.2529945
86,solar,제주시 한림읍,33.39344,126.26684
87,solar,제주시 한림읍,33.39344,126.26684
88,solar,제주시 한림읍,33.39344,126.26684
89,solar,제주시 한림읍,33.39344,126.26684
90,solar,제주시 한림읍,33.39344,126.26684
91,solar,제주시 한림읍,33.39344,126.26684
92,solar,제주시 한림읍,33.39344,126.26684
93,solar,제주시 한림읍,33.39344,126.26684
94,solar,제주시 한림읍,33.39344,126.26684
95,solar,제주시 한림읍,33.39344,126.26684
96,solar,서귀포시 토평동,33.2705286,126.5841149
97,solar,서귀포시 표선면,33.3504543,126.794049
98,solar,서귀포시 표선면,33.3504543,126.794049
99,solar,서귀포시 남원읍,33.3076683,126.6907475
100,solar,서귀포시 남원읍,33.3076683,126.6907475
101,solar,서귀포시 남원읍,33.3076683,126.6907475
102,solar,서귀포시 남원읍,33.3076683,126.6907475
103,solar,서귀포시 남원읍,33.3076683,126.6907475
104,solar,서귀포시 남원읍,33.3076683,126.6907475
105,solar,서귀포시 남원읍,33.3076683,126.6907475
106,solar,서귀포시 남원읍,33.3076683,126.6907475
107,solar,서귀포시 남원읍,33.3076683,126.6907475
108,solar,서귀포시 남원읍,33.3076683,126.6907475
109,solar,제주시 이호이동,33.498551,126.4565213
110,solar,제주시 한경면,33.3305,126.21066
111,solar,서귀포시 대정읍,33.2218157,126.2529945
112,solar,제주시 조천읍,33.50888,126.66305
113,solar,서귀포시 안덕면,33.27688,126.34925
114,solar,서귀포시 안덕면,33.27688,126.34925
115,solar,서귀포시 안덕면,33.27688,126.34925
116,solar,서귀포시 대정읍,33.2218157,126.2529945
117,solar,서귀포시 대정읍,33.2218157,126.2529945
118,solar,서귀포시 대정읍,33.2218157,126.2529945
119,solar,제주시 한경면,33.3305,126.21066
120,solar,서귀포시 남원읍,33.3076683,126.6907475
121,solar,제주시 노형동,33.4781247,126.4754867
122,solar,서귀포시 남원읍,33.3076683,126.6907475
123,solar,서귀포시 남원읍,33.3076683,126.6907475
124,solar,서귀포시 남원읍,33.3076683,126.6907475
125,solar,서귀포시 남원읍,33.3076683,126.6907475
126,solar,서귀포시 남원읍,33.3076683,126.6907475
127,solar,서귀포시 대정읍,33.2218157,126.2529945
128,solar,서귀포시 남원읍,33.3076683,126.6907475
129,solar,서귀포시 남원읍,33.3076683,126.6907475
130,solar,서귀포시 남원읍,33.3076683,126.6907475
131,solar,서귀포시 남원읍,33.3076683,126.6907475
132,solar,서귀포시 남원읍,33.3076683,126.6907475
133,solar,서귀포시 남원읍,33.3076683,126.6907475
134,solar,서귀포시 남원읍,33.3076683,126.6907475
135,solar,서귀포시 남원읍,33.3076683,126.6907475
136,solar,서귀포시 남원읍,33.3076683,126.6907475
137,solar,서귀포시 남원읍,33.3076683,126.6907475
138,solar,서귀포시 남원읍,33.3076683,126.6907475
139,solar,서귀포시 대정읍,33.2218157,126.2529945
140,solar,서귀포시 대정읍,33.2218157,126.2529945
141,solar,제주시 외도일동,33.4855847,126.4284514
142,solar,제주시 이호이동,33.498551,126.4565213
143,solar,제주시 구좌읍,33.51662,126.81055
144,solar,제주시 한림읍,33.39344,126.26684
145,solar,제주시 외도일동,33.4855847,126.4284514
146,solar,제주시 조천읍,33.50888,126.66305
147,solar,제주시 조천읍,33.50888,126.66305
148,solar,서귀포시 대정읍,33.2218157,126.2529945
149,solar,서귀포시 대정읍,33.2218157,126.2529945
150,solar,제주시 구좌읍,33.51662,126.81055
151,solar,제주시 한림읍,33.39344,126.26684
152,solar,제주시 한경면,33.3305,126.21066
153,solar,제주시 회천동,33.4956,126.61479
154,solar,제주시 한림읍,33.39344,126.26684
155,solar,서귀포시 강정동,33.24695,126.48927
156,solar,제주시 한경면,33.3305,126.21066
157,solar,제주시 한림읍,33.39344,126.26684
158,solar,제주시 한림읍,33.39344,126.26684
159,solar,제주시 한림읍,33.39344,126.26684
160,solar,제주시 한림읍,33.39344,126.26684
161,solar,제주시 한림읍,33.39344,126.26684
162,solar,제주시 한림읍,33.39344,126.26684
163,solar,제주시 한림읍,33.39344,126.26684
164,solar,제주시 한림읍,33.39344,126.26684
165,solar,제주시 한림읍,33.39344,126.26684
166,solar,제주시 한림읍,33.39344,126.26684
167,solar,제주시 한림읍,33.39344,126.26684
168,solar,제주시 한림읍,33.39344,126.26684
169,solar,제주시 한림읍,33.39344,126.26684
170,solar,제주시 한림읍,33.39344,126.26684
171,solar,제주시 한림읍,33.39344,126.26684
172,solar,제주시 한림읍,33.39344,126.26684
173,solar,제주시 한림읍,33.39344,126.26684
174,solar,제주시 한림읍,33.39344,126.26684
175,solar,제주시 노형동,33.4781247,126.4754867
176,solar,서귀포시 대정읍,33.2218157,126.2529945
177,solar,서귀포시 대정읍,33.2218157,126.2529945
178,solar,제주시 조천읍,33.50888,126.66305
179,solar,제주시 한림읍,33.39344,126.26684
180,solar,제주시 한경면,33.3305,126.21066
181,solar,제주시 회천동,33.4956,126.61479
182,solar,제주시 회천동,33.4956,126.61479
183,solar,서귀포시 대정읍,33.2218157,126.2529945
184,solar,서귀포시 대정읍,33.2218157,126.2529945
185,solar,제주시 한림읍,33.39344,126.26684
186,solar,제주시 한림읍,33.39344,126.26684
187,solar,제주시 한림읍,33.39344,126.26684
188,solar,제주시 한림읍,33.39344,126.26684
189,solar,제주시 한림읍,33.39344,126.26684
190,solar,제주시 한림읍,33.39344,126.26684
191,solar,제주시 한림읍,33.39344,126.26684
192,solar,서귀포시 표선면,33.3504543,126.794049
193,solar,제주시 한림읍,33.39344,126.26684
194,solar,제주시 한림읍,33.39344,126.26684
195,solar,제주시 한림읍,33.39344,126.26684
196,solar,서귀포시 대정읍,33.2218157,126.2529945
197,solar,서귀포시 대정읍,33.2218157,126.2529945
198,solar,서귀포시 대정읍,33.2218157,126.2529945
199,solar,서귀포시 대정읍,33.2218157,126.2529945
200,solar,서귀포시 대정읍,33.2218157,126.2529945
201,solar,제주시 한경면,33.3305,126.21066
202,solar,제주시 구좌읍,33.51662,126.81055
203,solar,제주시 구좌읍,33.51662,126.81055
204,solar,제주시 삼양일동,33.52345,126.599
205,solar,제주시 회천동,33.4956,126.61479
206,solar,서귀포시 대정읍,33.2218157,126.2529945
207,solar,제주시 애월읍,33.45079,126.3752
208,solar,서귀포시 표선면,33.3504543,126.794049
209,solar,서귀포시 호근동,33.25632,126.53351
210,solar,서귀포시 대정읍,33.2218157,126.2529945
211,solar,제주시 노형동,33.4781247,126.4754867
212,solar,서귀포시 대정읍,33.2218157,126.2529945
213,solar,서귀포시 대정읍,33.2218157,126.2529945
214,solar,서귀포시 대정읍,33.2218157,126.2529945
215,solar,제주시 외도일동,33.4855847,126.4284514
216,solar,서귀포시 표선면,33.3504543,126.794049
217,solar,제주시 한림읍,33.39344,126.26684
218,solar,제주시 한림읍,33.39344,126.26684
219,solar,제주시 한림읍,33.39344,126.26684
220,solar,제주시 한림읍,33.39344,126.26684
221,solar,서귀포시 대정읍,33.2218157,126.2529945
222,solar,제주시 애월읍,33.45079,126.3752
223,solar,서귀포시 표선면,33.3504543,126.794049
224,solar,서귀포시 대정읍,33.2218157,126.2529945
225,solar,서귀포시 대정읍,33.2218157,126.2529945
226,solar,서귀포시 대정읍,33.2218157,126.2529945
227,solar,서귀포시 대정읍,33.2218157,126.2529945
228,solar,서귀포시 대정읍,33.2218157,126.2529945
229,solar,서귀포시 대정읍,33.2218157,126.2529945
230,solar,제주시 영평동,33.4812,126.57106
231,solar,서귀포시 표선면,33.3504543,126.794049
232,solar,서귀포시 대정읍,33.2218157,126.2529945
233,solar,서귀포시 대정읍,33.2218157,126.2529945
234,solar,서귀포시 대정읍,33.2218157,126.2529945
235,solar,제주시 애월읍,33.45079,126.3752
236,solar,제주시 애월읍,33.45079,126.3752
237,solar,서귀포시 대정읍,33.2218157,126.2529945
238,solar,서귀포시 대정읍,33.2218157,126.2529945
239,solar,제주시 애월읍,33.45079,126.3752
240,solar,서귀포시 대정읍,33.2218157,126.2529945
241,solar,서귀포시 대정읍,33.2218157,126.2529945
242,solar,제주시 한경면,33.3305,126.21066
243,solar,서귀포시 대정읍,33.2218157,126.2529945
244,solar,제주시 한림읍,33.39344,126.26684
245,solar,제주시 한림읍,33.39344,126.26684
246,solar,제주시 한림읍,33.39344,126.26684
247,solar,제주시 한림읍,33.39344,126.26684
248,solar,제주시 한림읍,33.39344,126.26684
249,solar,서귀포시 남원읍,33.3076683,126.6907475
250,solar,제주시 한경면,33.3305,126.21066
251,solar,제주시 한경면,33.3305,126.21066
252,solar,제주시 한경면,33.3305,126.21066
253,solar,서귀포시 대정읍,33.2218157,126.2529945
254,solar,서귀포시 대정읍,33.2218157,126.2529945
255,solar,서귀포시 대정읍,33.2218157,126.2529945
256,solar,제주시 애월읍,33.45079,126.3752
257,solar,서귀포시 대정읍,33.2218157,126.2529945
258,solar,서귀포시 대정읍,33.2218157,126.2529945
259,solar,서귀포시 동홍동,33.26184,126.56804
260,solar,제주시 용담이동,33.50742,126.50615
261,solar,제주시 조천읍,33.50888,126.66305
262,solar,서귀포시 남원읍,33.3076683,126.6907475
263,solar,서귀포시 남원읍,33.3076683,126.6907475
264,solar,서귀포시 남원읍,33.3076683,126.6907475
265,solar,서귀포시 남원읍,33.3076683,126.6907475
266,solar,서귀포시 남원읍,33.3076683,126.6907475
267,solar,서귀포시 남원읍,33.3076683,126.6907475
268,solar,서귀포시 대정읍,33.2218157,126.2529945
269,solar,서귀포시 하예동,33.24016,126.3806
270,solar,제주시 한림읍,33.39344,126.26684
271,solar,서귀포시 표선면,33.3504543,126.794049
272,solar,제주시 구좌읍,33.51662,126.81055
273,solar,제주시 한림읍,33.39344,126.26684
274,solar,서귀포시 남원읍,33.3076683,126.6907475
275,solar,서귀포시 남원읍,33.3076683,126.6907475
276,solar,서귀포시 대정읍,33.2218157,126.2529945
277,solar,서귀포시 안덕면,33.27688,126.34925
278,solar,제주시 한경면,33.3305,126.21066
279,solar,제주시 한림읍,33.39344,126.26684
280,solar,서귀포시 대정읍,33.2218157,126.2529945
281,solar,서귀포시 표선면,33.3504543,126.794049
282,solar,제주시 회천동,33.4956,126.61479
283,solar,제주시 구좌읍,33.51662,126.81055
284,solar,제주시 구좌읍,33.51662,126.81055
285,solar,서귀포시 남원읍,33.3076683,126.6907475
286,solar,서귀포시 대정읍,33.2218157,126.2529945
287,solar,서귀포시 안덕면,33.27688,126.34925
288,solar,서귀포시 표선면,33.3504543,126.794049
289,solar,제주시 구좌읍,33.51662,126.81055
290,solar,서귀포시 대정읍,33.2218157,126.2529945
291,solar,서귀포시 대정읍,33.2218157,126.2529945
292,solar,서귀포시 표선면,33.3504543,126.794049
293,solar,서귀포시 표선면,33.3504543,126.794049
294,solar,제주시 구좌읍,33.51662,126.81055
295,solar,서귀포시 남원읍,33.3076683,126.6907475
296,solar,서귀포시 남원읍,33.3076683,126.6907475
297,solar,서귀포시 남원읍,33.3076683,126.6907475
298,solar,서귀포시 남원읍,33.3076683,126.6907475
299,solar,서귀포시 남원읍,33.3076683,126.6907475
300,solar,서귀포시 남원읍,33.3076683,126.6907475
301,solar,서귀포시 대정읍,33.2218157,126.2529945
302,solar,서귀포시 대정읍,33.2218157,126.2529945
303,solar,서귀포시 토평동,33.2705286,126.5841149
304,solar,제주시 한경면,33.3305,126.21066
305,solar,제주시 한림읍,33.39344,126.26684
306,solar,서귀포시 남원읍,33.3076683,126.6907475
307,solar,서귀포시 남원읍,33.3076683,126.6907475
308,solar,서귀포시 안덕면,33.27688,126.34925
309,solar,제주시 해안동,33.44899,126.46036
310,solar,제주시 해안동,33.44899,126.46036
311,solar,제주시 해안동,33.44899,126.46036
312,solar,제주시 해안동,33.44899,126.46036
313,solar,제주시 해안동,33.44899,126.46036
314,solar,서귀포시 대정읍,33.2218157,126.2529945
315,solar,서귀포시 대정읍,33.2218157,126.2529945
316,solar,서귀포시 대정읍,33.2218157,126.2529945
317,solar,서귀포시 대정읍,33.2218157,126.2529945
318,solar,서귀포시 대정읍,33.2218157,126.2529945
319,solar,제주시 이호이동,33.498551,126.4565213
320,solar,제주시 구좌읍,33.51662,126.81055
321,solar,서귀포시 서홍동,33.25965,126.55175
322,solar,서귀포시 표선면,33.3504543,126.794049
323,solar,제주시 한경면,33.3305,126.21066
324,solar,제주시 한경면,33.3305,126.21066
325,solar,제주시 한경면,33.3305,126.21066
326,solar,제주시 한림읍,33.39344,126.26684
327,solar,서귀포시 표선면,33.3504543,126.794049
328,solar,서귀포시 표선면,33.3504543,126.794049
329,solar,서귀포시 표선면,33.3504543,126.794049
330,solar,서귀포시 표선면,33.3504543,126.794049
331,solar,제주시 한경면,33.3305,126.21066
332,solar,제주시 도평동,33.47875,126.4515
333,solar,서귀포시 하효동,33.2582539,126.6179833
334,solar,제주시 한경면,33.3305,126.21066
335,solar,제주시 한경면,33.3305,126.21066
336,solar,제주시 구좌읍,33.51662,126.81055
337,solar,제주시 구좌읍,33.51662,126.81055
338,solar,제주시 구좌읍,33.51662,126.81055
339,solar,제주시 구좌읍,33.51662,126.81055
340,solar,제주시 구좌읍,33.51662,126.81055
341,solar,제주시 구좌읍,33.51662,126.81055
342,solar,제주시 구좌읍,33.51662,126.81055
343,solar,제주시 구좌읍,33.51662,126.81055
344,solar,제주시 구좌읍,33.51662,126.81055
345,solar,서귀포시 표선면,33.3504543,126.794049
346,solar,제주시 한림읍,33.39344,126.26684
347,solar,제주시 구좌읍,33.51662,126.81055
348,solar,제주시 구좌읍,33.51662,126.81055
349,solar,제주시 구좌읍,33.51662,126.81055
350,solar,서귀포시 성산읍,33.41805,126.88147
351,solar,서귀포시 성산읍,33.41805,126.88147
352,solar,서귀포시 성산읍,33.41805,126.88147
353,solar,서귀포시 성산읍,33.41805,126.88147
354,solar,서귀포시 성산읍,33.41805,126.88147
355,solar,서귀포시 성산읍,33.41805,126.88147
356,solar,서귀포시 표선면,33.3504543,126.794049
357,solar,서귀포시 표선면,33.3504543,126.794049
358,solar,서귀포시 표선면,33.3504543,126.794049
359,solar,서귀포시 표선면,33.3504543,126.794049
360,solar,제주시 구좌읍,33.51662,126.81055
361,solar,제주시 구좌읍,33.51662,126.81055
362,solar,제주시 구좌읍,33.51662,126.81055
363,solar,제주시 구좌읍,33.51662,126.81055
364,solar,제주시 구좌읍,33.51662,126.81055
365,solar,제주시 구좌읍,33.51662,126.81055
366,solar,제주시 구좌읍,33.51662,126.81055
367,solar,서귀포시 성산읍,33.41805,126.88147
368,solar,서귀포시 표선면,33.3504543,126.794049
369,solar,서귀포시 표선면,33.3504543,126.794049
370,solar,제주시 구좌읍,33.51662,126.81055
371,solar,서귀포시 대정읍,33.2218157,126.2529945
372,solar,서귀포시 대정읍,33.2218157,126.2529945
373,solar,제주시 구좌읍,33.51662,126.81055
374,solar,제주시 구좌읍,33.51662,126.81055
375,solar,서귀포시 성산읍,33.41805,126.88147
376,solar,제주시 우도면,33.5067019,126.955743
377,solar,제주시 회천동,33.4956,126.61479
378,solar,제주시 회천동,33.4956,126.61479
379,solar,제주시 회천동,33.4956,126.61479
380,solar,제주시 회천동,33.4956,126.61479
381,solar,제주시 구좌읍,33.51662,126.81055
382,solar,서귀포시 성산읍,33.41805,126.88147
383,solar,서귀포시 표선면,33.3504543,126.794049
384,solar,서귀포시 표선면,33.3504543,126.794049
385,solar,제주시 한경면,33.3305,126.21066
386,solar,서귀포시 성산읍,33.41805,126.88147
387,solar,서귀포시 성산읍,33.41805,126.88147
388,solar,서귀포시 성산읍,33.41805,126.88147
389,solar,서귀포시 성산읍,33.41805,126.88147
390,solar,서귀포시 성산읍,33.41805,126.88147
391,solar,제주시 한경면,33.3305,126.21066
392,solar,서귀포시 남원읍,33.3076683,126.6907475
393,solar,서귀포시 남원읍,33.3076683,126.6907475
394,solar,서귀포시 대정읍,33.2218157,126.2529945
395,solar,서귀포시 대정읍,33.2218157,126.2529945
396,solar,서귀포시 대정읍,33.2218157,126.2529945
397,solar,서귀포시 대정읍,33.2218157,126.2529945
398,solar,서귀포시 대정읍,33.2218157,126.2529945
399,solar,서귀포시 대정읍,33.2218157,126.2529945
400,solar,제주시 조천읍,33.50888,126.66305
401,solar,제주시 조천읍,33.50888,126.66305
402,solar,서귀포시 대정읍,33.2218157,126.2529945
403,solar,서귀포시 안덕면,33.27688,126.34925
404,solar,서귀포시 안덕면,33.27688,126.34925
405,solar,제주시 조천읍,33.50888,126.66305
406,solar,서귀포시 표선면,33.3504543,126.794049
407,solar,제주시 한림읍,33.39344,126.26684
408,solar,제주시 한림읍,33.39344,126.26684
409,solar,서귀포시 남원읍,33.3076683,126.6907475
410,solar,서귀포시 남원읍,33.3076683,126.6907475
411,solar,서귀포시 남원읍,33.3076683,126.6907475
412,solar,서귀포시 대정읍,33.2218157,126.2529945
413,solar,서귀포시 대정읍,33.2218157,126.2529945
414,solar,서귀포시 대정읍,33.2218157,126.2529945
415,solar,서귀포시 대정읍,33.2218157,126.2529945
416,solar,서귀포시 안덕면,33.27688,126.34925
417,solar,서귀포시 안덕면,33.27688,126.34925
418,solar,서귀포시 상예동,33.26177,126.38678
419,solar,제주시 애월읍,33.45079,126.3752
420,solar,서귀포시 성산읍,33.41805,126.88147
421,solar,서귀포시 성산읍,33.41805,126.88147
422,solar,서귀포시 성산읍,33.41805,126.88147
423,solar,서귀포시 성산읍,33.41805,126.88147
424,solar,서귀포시 성산읍,33.41805,126.88147
425,solar,서귀포시 성산읍,33.41805,126.88147
426,solar,서귀포시 성산읍,33.41805,126.88147
427,solar,서귀포시 성산읍,33.41805,126.88147
428,solar,제주시 애월읍,33.45079,126.3752
429,solar,제주시 구좌읍,33.51662,126.81055
430,solar,제주시 애월읍,33.45079,126.3752
431,solar,제주시 한경면,33.3305,126.21066
432,solar,제주시 한림읍,33.39344,126.26684
433,solar,제주시 한림읍,33.39344,126.26684
434,solar,서귀포시 대정읍,33.2218157,126.2529945
435,solar,서귀포시 남원읍,33.3076683,126.6907475
436,solar,서귀포시 대정읍,33.2218157,126.2529945
437,solar,서귀포시 대정읍,33.2218157,126.2529945
438,solar,서귀포시 대정읍,33.2218157,126.2529945
439,solar,서귀포시 대정읍,33.2218157,126.2529945
440,solar,서귀포시 대정읍,33.2218157,126.2529945
441,solar,서귀포시 대정읍,33.2218157,126.2529945
442,solar,서귀포시 성산읍,33.41805,126.88147
443,solar,제주시 한경면,33.3305,126.21066
444,solar,제주시 한경면,33.3305,126.21066
445,solar,제주시 한경면,33.3305,126.21066
446,solar,제주시 한경면,33.3305,126.21066
447,solar,제주시 한경면,33.3305,126.21066
448,solar,제주시 한경면,33.3305,126.21066
449,solar,제주시 한경면,33.3305,126.21066
450,solar,제주시 한경면,33.3305,126.21066
451,solar,제주시 한경면,33.3305,126.21066
452,solar,제주시 한경면,33.3305,126.21066
453,solar,제주시 한경면,33.3305,126.21066
454,solar,제주시 한경면,33.3305,126.21066
455,solar,제주시 한경면,33.3305,126.21066
456,solar,제주시 한림읍,33.39344,126.26684
457,solar,서귀포시 대정읍,33.2218157,126.2529945
458,solar,제주시 구좌읍,33.51662,126.81055
459,solar,서귀포시 표선면,33.3504543,126.794049
460,solar,서귀포시 강정동,33.24695,126.48927
461,solar,서귀포시 대정읍,33.2218157,126.2529945
462,solar,제주시 애월읍,33.45079,126.3752
463,solar,제주시 조천읍,33.50888,126.66305
464,solar,제주시 조천읍,33.50888,126.66305
465,solar,제주시 조천읍,33.50888,126.66305
466,solar,제주시 한경면,33.3305,126.21066
467,solar,제주시 한경면,33.3305,126.21066
468,solar,제주시 한림읍,33.39344,126.26684
469,solar,제주시 한림읍,33.39344,126.26684
470,solar,제주시 한림읍,33.39344,126.26684
471,solar,제주시 한림읍,33.39344,126.26684
472,solar,제주시 해안동,33.44899,126.46036
473,solar,제주시 해안동,33.44899,126.46036
474,solar,서귀포시 대정읍,33.2218157,126.2529945
475,solar,서귀포시 대정읍,33.2218157,126.2529945
476,solar,서귀포시 대정읍,33.2218157,126.2529945
477,solar,서귀포시 대정읍,33.2218157,126.2529945
478,solar,서귀포시 대정읍,33.2218157,126.2529945
479,solar,서귀포시 대정읍,33.2218157,126.2529945
480,solar,서귀포시 대정읍,33.2218157,126.2529945
481,solar,서귀포시 성산읍,33.41805,126.88147
482,solar,서귀포시 성산읍,33.41805,126.88147
483,solar,제주시 한경면,33.3305,126.21066
484,solar,제주시 한림읍,33.39344,126.26684
485,solar,제주시 한림읍,33.39344,126.26684
486,solar,제주시 한림읍,33.39344,126.26684
487,solar,제주시 한림읍,33.39344,126.26684
488,solar,제주시 한림읍,33.39344,126.26684
489,solar,제주시 한림읍,33.39344,126.26684
490,solar,제주시 한림읍,33.39344,126.26684
491,solar,제주시 한림읍,33.39344,126.26684
492,solar,제주시 한림읍,33.39344,126.26684
493,solar,제주시 한림읍,33.39344,126.26684
494,solar,제주시 구좌읍,33.51662,126.81055
495,solar,제주시 구좌읍,33.51662,126.81055
496,solar,제주시 구좌읍,33.51662,126.81055
497,solar,제주시 구좌읍,33.51662,126.81055
498,solar,제주시 구좌읍,33.51662,126.81055
499,solar,제주시 구좌읍,33.51662,126.81055
500,solar,제주시 구좌읍,33.51662,126.81055
501,solar,제주시 구좌읍,33.51662,126.81055
502,solar,제주시 애월읍,33.45079,126.3752
503,solar,제주시 애월읍,33.45079,126.3752
504,solar,제주시 구좌읍,33.51662,126.81055
505,solar,서귀포시 남원읍,33.3076683,126.6907475
506,solar,서귀포시 남원읍,33.3076683,126.6907475
507,solar,서귀포시 남원읍,33.3076683,126.6907475
508,solar,서귀포시 상예동,33.26177,126.38678
509,solar,서귀포시 상예동,33.26177,126.38678
510,solar,서귀포시 상예동,33.26177,126.38678
511,solar,서귀포시 상예동,33.26177,126.38678
512,solar,서귀포시 상예동,33.26177,126.38678
513,solar,서귀포시 상예동,33.26177,126.38678
514,solar,제주시 애월읍,33.45079,126.3752
515,solar,제주시 애월읍,33.45079,126.3752
516,solar,제주시 애월읍,33.45079,126.3752
517,solar,제주시 조천읍,33.50888,126.66305
518,solar,제주시 애월읍,33.45079,126.3752
519,solar,서귀포시 남원읍,33.3076683,126.6907475
520,solar,서귀포시 대정읍,33.2218157,126.2529945
521,solar,제주시 애월읍,33.45079,126.3752
522,solar,제주시 애월읍,33.45079,126.3752
523,solar,제주시 애월읍,33.45079,126.3752
524,solar,제주시 화북이동,33.50469,126.5648
525,solar,서귀포시 하원동,33.2626587,126.4600239
526,solar,제주시 한경면,33.3305,126.21066
527,solar,서귀포시 도순동,33.2569662,126.4731036
528,solar,제주시 애월읍,33.45079,126.3752
529,solar,제주시 용강동,33.47017,126.58934
530,solar,제주시 한림읍,33.39344,126.26684
531,solar,제주시 삼양일동,33.52345,126.599
532,solar,서귀포시 표선면,33.3504543,126.794049
533,solar,제주시 한림읍,33.39344,126.26684
534,solar,제주시 한림읍,33.39344,126.26684
535,solar,제주시 한림읍,33.39344,126.26684
536,solar,제주시 회천동,33.4956,126.61479
537,solar,서귀포시 남원읍,33.3076683,126.6907475
538,solar,제주시 애월읍,33.45079,126.3752
539,solar,제주시 이호이동,33.498551,126.4565213
540,solar,제주시 한경면,33.3305,126.21066
541,solar,제주시 해안동,33.44899,126.46036
542,solar,제주시 해안동,33.44899,126.46036
543,solar,제주시 해안동,33.44899,126.46036
544,solar,제주시 해안동,33.44899,126.46036
545,solar,제주시 한림읍,33.39344,126.26684
546,solar,제주시 애월읍,33.45079,126.3752
547,solar,서귀포시 안덕면,33.27688,126.34925
548,solar,서귀포시 안덕면,33.27688,126.34925
549,solar,서귀포시 성산읍,33.41805,126.88147
550,solar,제주시 봉개동,33.484188,126.5993497
551,solar,제주시 한림읍,33.39344,126.26684
552,solar,제주시 회천동,33.4956,126.61479
553,solar,서귀포시 대정읍,33.2218157,126.2529945
554,solar,제주시 애월읍,33.45079,126.3752
555,solar,제주시 용담이동,33.50742,126.50615
556,solar,서귀포시 대정읍,33.2218157,126.2529945
557,solar,제주시 구좌읍,33.51662,126.81055
558,solar,서귀포시 안덕면,33.27688,126.34925
559,solar,제주시 애월읍,33.45079,126.3752
560,solar,서귀포시 대포동,33.24982,126.44092
561,solar,서귀포시 안덕면,33.27688,126.34925
562,solar,제주시 애월읍,33.45079,126.3752
563,solar,제주시 도남동,33.4905148,126.5239964
564,solar,서귀포시 대정읍,33.2218157,126.2529945
565,solar,서귀포시 대정읍,33.2218157,126.2529945
566,solar,제주시 오라일동,33.49611,126.51699
567,solar,서귀포시 토평동,33.2705286,126.5841149
568,solar,제주시 구좌읍,33.51662,126.81055
569,solar,서귀포시 안덕면,33.27688,126.34925
570,solar,제주시 한경면,33.3305,126.21066
571,solar,서귀포시 중문동,33.262002,126.4288617
572,solar,서귀포시 남원읍,33.3076683,126.6907475
573,solar,제주시 용담일동,33.5085902,126.5148801
574,solar,서귀포시 남원읍,33.3076683,126.6907475
575,solar,제주시 애월읍,33.45079,126.3752
576,solar,제주시 애월읍,33.45079,126.3752
577,solar,제주시 한림읍,33.39344,126.26684
578,solar,서귀포시 대정읍,33.2218157,126.2529945
579,solar,서귀포시 상효동,33.2896254,126.5945088
580,solar,서귀포시 대정읍,33.2218157,126.2529945
581,solar,제주시 월평동,33.46498,126.57733
582,solar,제주시 한경면,33.3305,126.21066
583,solar,제주시 구좌읍,33.51662,126.81055
584,solar,제주시 봉개동,33.484188,126.5993497
585,solar,제주시 애월읍,33.45079,126.3752
586,solar,제주시 애월읍,33.45079,126.3752
587,solar,제주시 한경면,33.3305,126.21066
588,solar,제주시 구좌읍,33.51662,126.81055
589,solar,서귀포시 남원읍,33.3076683,126.6907475
590,solar,서귀포시 남원읍,33.3076683,126.6907475
591,solar,서귀포시 남원읍,33.3076683,126.6907475
592,solar,제주시 애월읍,33.45079,126.3752
593,solar,제주시 애월읍,33.45079,126.3752
594,solar,서귀포시 표선면,33.3504543,126.794049
595,solar,제주시 한경면,33.3305,126.21066
596,solar,제주시 한경면,33.3305,126.21066
597,solar,제주시 한경면,33.3305,126.21066
598,solar,제주시 해안동,33.44899,126.46036
599,solar,제주시 구좌읍,33.51662,126.81055
600,solar,제주시 구좌읍,33.51662,126.81055
601,solar,제주시 구좌읍,33.51662,126.81055
602,solar,제주시 한경면,33.3305,126.21066
603,solar,제주시 구좌읍,33.51662,126.81055
604,solar,서귀포시 대정읍,33.2218157,126.2529945
605,solar,서귀포시 대정읍,33.2218157,126.2529945
606,solar,서귀포시 성산읍,33.41805,126.88147
607,solar,서귀포시 성산읍,33.41805,126.88147
608,solar,제주시 한경면,33.3305,126.21066
609,solar,제주시 한경면,33.3305,126.21066
610,solar,제주시 한림읍,33.39344,126.26684
611,solar,제주시 한림읍,33.39344,126.26684
612,solar,제주시 한림읍,33.39344,126.26684
613,solar,제주시 한림읍,33.39344,126.26684
614,solar,제주시 구좌읍,33.51662,126.81055
615,solar,서귀포시 남원읍,33.3076683,126.6907475
616,solar,서귀포시 표선면,33.3504543,126.794049
617,solar,서귀포시 표선면,33.3504543,126.794049
618,solar,서귀포시 표선면,33.3504543,126.794049
619,solar,제주시 한림읍,33.39344,126.26684
620,solar,제주시 한림읍,33.39344,126.26684
621,solar,제주시 구좌읍,33.51662,126.81055
622,solar,서귀포시 남원읍,33.3076683,126.6907475
623,solar,서귀포시 성산읍,33.41805,126.88147
624,solar,서귀포시 안덕면,33.27688,126.34925
625,solar,제주시 애월읍,33.45079,126.3752
626,solar,제주시 애월읍,33.45079,126.3752
627,solar,서귀포시 표선면,33.3504543,126.794049
628,solar,제주시 한경면,33.3305,126.21066
629,solar,제주시 한림읍,33.39344,126.26684
630,solar,제주시 한림읍,33.39344,126.26684
631,solar,제주시 한림읍,33.39344,126.26684
632,solar,제주시 회천동,33.4956,126.61479
633,solar,서귀포시 성산읍,33.41805,126.88147
634,solar,서귀포시 중문동,33.262002,126.4288617
635,solar,제주시 한경면,33.3305,126.21066
636,solar,제주시 회천동,33.4956,126.61479
637,solar,제주시 구좌읍,33.51662,126.81055
638,solar,제주시 구좌읍,33.51662,126.81055
639,solar,제주시 애월읍,33.45079,126.3752
640,solar,제주시 애월읍,33.45079,126.3752
641,solar,제주시 영평동,33.4812,126.57106
642,solar,제주시 한림읍,33.39344,126.26684
643,solar,제주시 한림읍,33.39344,126.26684
644,solar,서귀포시 토평동,33.2705286,126.5841149
645,solar,서귀포시 표선면,33.3504543,126.794049
646,solar,제주시 한림읍,33.39344,126.26684
647,solar,제주시 한림읍,33.39344,126.26684
648,solar,제주시 한림읍,33.39344,126.26684
649,solar,서귀포시 대정읍,33.2218157,126.2529945
650,solar,제주시 봉개동,33.484188,126.5993497
651,solar,서귀포시 서호동,33.25759,126.51916
652,solar,서귀포시 표선면,33.3504543,126.794049
653,solar,서귀포시 남원읍,33.3076683,126.6907475
654,solar,서귀포시 남원읍,33.3076683,126.6907475
655,solar,서귀포시 대정읍,33.2218157,126.2529945
656,solar,서귀포시 안덕면,33.27688,126.34925
657,solar,서귀포시 안덕면,33.27688,126.34925
658,solar,제주시 한림읍,33.39344,126.26684
659,solar,제주시 한림읍,33.39344,126.26684
660,solar,제주시 한림읍,33.39344,126.26684
661,solar,제주시 한림읍,33.39344,126.26684
662,solar,서귀포시 남원읍,33.3076683,126.6907475
663,solar,서귀포시 대정읍,33.2218157,126.2529945
664,solar,서귀포시 성산읍,33.41805,126.88147
665,solar,서귀포시 표선면,33.3504543,126.794049
666,solar,서귀포시 표선면,33.3504543,126.794049
667,solar,제주시 구좌읍,33.51662,126.81055
668,solar,제주시 구좌읍,33.51662,126.81055
669,solar,서귀포시 남원읍,33.3076683,126.6907475
670,solar,서귀포시 남원읍,33.3076683,126.6907475
671,solar,서귀포시 남원읍,33.3076683,126.6907475
672,solar,서귀포시 대정읍,33.2218157,126.2529945
673,solar,서귀포시 대정읍,33.2218157,126.2529945
674,solar,서귀포시 대정읍,33.2218157,126.2529945
675,solar,제주시 도련이동,33.51279,126.59604
676,solar,서귀포시 성산읍,33.41805,126.88147
677,solar,제주시 애월읍,33.45079,126.3752
678,solar,제주시 조천읍,33.50888,126.66305
679,solar,서귀포시 토평동,33.2705286,126.5841149
680,solar,제주시 한림읍,33.39344,126.26684
681,solar,제주시 한림읍,33.39344,126.26684
682,solar,제주시 애월읍,33.45079,126.3752
683,solar,제주시 애월읍,33.45079,126.3752
684,solar,제주시 한경면,33.3305,126.21066
685,solar,제주시 한림읍,33.39344,126.26684
686,solar,제주시 한림읍,33.39344,126.26684
687,solar,제주시 한림읍,33.39344,126.26684
688,solar,제주시 한림읍,33.39344,126.26684
689,solar,제주시 한림읍,33.39344,126.26684
690,solar,제주시 한림읍,33.39344,126.26684
691,solar,서귀포시 서귀동,33.24679,126.56396
692,solar,서귀포시 성산읍,33.41805,126.88147
693,solar,서귀포시 성산읍,33.41805,126.88147
694,solar,서귀포시 성산읍,33.41805,126.88147
695,solar,서귀포시 성산읍,33.41805,126.88147
696,solar,제주시 한경면,33.3305,126.21066
697,solar,제주시 한림읍,33.39344,126.26684
698,solar,제주시 구좌읍,33.51662,126.81055
699,solar,제주시 구좌읍,33.51662,126.81055
700,solar,서귀포시 남원읍,33.3076683,126.6907475
701,solar,제주시 노형동,33.4781247,126.4754867
702,solar,제주시 노형동,33.4781247,126.4754867
703,solar,서귀포시 안덕면,33.27688,126.34925
704,solar,제주시 애월읍,33.45079,126.3752
705,solar,제주시 애월읍,33.45079,126.3752
706,solar,서귀포시 표선면,33.3504543,126.794049
707,solar,제주시 한림읍,33.39344,126.26684
708,solar,제주시 한림읍,33.39344,126.26684
709,solar,제주시 한림읍,33.39344,126.26684
710,solar,제주시 애월읍,33.45079,126.3752
711,solar,제주시 조천읍,33.50888,126.66305
712,solar,제주시 한경면,33.3305,126.21066
713,solar,제주시 한경면,33.3305,126.21066
714,solar,제주시 한림읍,33.39344,126.26684
715,solar,제주시 한림읍,33.39344,126.26684
716,solar,제주시 한림읍,33.39344,126.26684
717,solar,제주시 회천동,33.4956,126.61479
718,solar,제주시 회천동,33.4956,126.61479
719,solar,제주시 회천동,33.4956,126.61479
720,solar,제주시 구좌읍,33.51662,126.81055
721,solar,서귀포시 상예동,33.26177,126.38678
722,solar,제주시 용강동,33.47017,126.58934
723,solar,제주시 한경면,33.3305,126.21066
724,solar,제주시 한경면,33.3305,126.21066
725,solar,제주시 한림읍,33.39344,126.26684
726,solar,제주시 한림읍,33.39344,126.26684
727,solar,제주시 회천동,33.4956,126.61479
728,solar,서귀포시 강정동,33.24695,126.48927
729,solar,서귀포시 성산읍,33.41805,126.88147
730,solar,서귀포시 성산읍,33.41805,126.88147
731,solar,제주시 애월읍,33.45079,126.3752
732,solar,제주시 애월읍,33.45079,126.3752
733,solar,제주시 조천읍,33.50888,126.66305
734,solar,제주시 조천읍,33.50888,126.66305
735,solar,제주시 조천읍,33.50888,126.66305
736,solar,서귀포시 표선면,33.3504543,126.794049
737,solar,서귀포시 표선면,33.3504543,126.794049
738,solar,제주시 한림읍,33.39344,126.26684
739,solar,제주시 애월읍,33.45079,126.3752
740,solar,제주시 애월읍,33.45079,126.3752
741,solar,제주시 한경면,33.3305,126.21066
742,solar,제주시 한림읍,33.39344,126.26684
743,solar,제주시 구좌읍,33.51662,126.81055
744,solar,서귀포시 남원읍,33.3076683,126.6907475
745,solar,서귀포시 남원읍,33.3076683,126.6907475
746,solar,제주시 봉개동,33.484188,126.5993497
747,solar,서귀포시 성산읍,33.41805,126.88147
748,solar,제주시 조천읍,33.50888,126.66305
749,solar,서귀포시 표선면,33.3504543,126.794049
750,solar,서귀포시 표선면,33.3504543,126.794049
751,solar,제주시 한림읍,33.39344,126.26684
752,solar,제주시 한림읍,33.39344,126.26684
753,solar,제주시 한림읍,33.39344,126.26684
754,solar,제주시 회천동,33.4956,126.61479
755,solar,제주시 구좌읍,33.51662,126.81055
756,solar,제주시 구좌읍,33.51662,126.81055
757,solar,제주시 구좌읍,33.51662,126.81055
758,solar,서귀포시 색달동,33.2640931,126.4120002
759,solar,서귀포시 색달동,33.2640931,126.4120002
760,solar,제주시 한림읍,33.39344,126.26684
761,solar,제주시 구좌읍,33.51662,126.81055
762,solar,서귀포시 성산읍,33.41805,126.88147
763,solar,제주시 애월읍,33.45079,126.3752
764,solar,제주시 애월읍,33.45079,126.3752
765,solar,제주시 애월읍,33.45079,126.3752
766,solar,제주시 애월읍,33.45079,126.3752
767,solar,서귀포시 표선면,33.3504543,126.794049
768,solar,제주시 한경면,33.3305,126.21066
769,solar,제주시 한경면,33.3305,126.21066
770,solar,제주시 한경면,33.3305,126.21066
771,solar,제주시 한림읍,33.39344,126.26684
772,solar,제주시 한림읍,33.39344,126.26684
773,solar,제주시 화북이동,33.50469,126.5648
774,solar,제주시 구좌읍,33.51662,126.81055
775,solar,서귀포시 남원읍,33.3076683,126.6907475
776,solar,서귀포시 남원읍,33.3076683,126.6907475
777,solar,서귀포시 남원읍,33.3076683,126.6907475
778,solar,서귀포시 남원읍,33.3076683,126.6907475
779,solar,서귀포시 남원읍,33.3076683,126.6907475
780,solar,서귀포시 남원읍,33.3076683,126.6907475
781,solar,제주시 삼양일동,33.52345,126.599
782,solar,서귀포시 서홍동,33.25965,126.55175
783,solar,서귀포시 서홍동,33.25965,126.55175
784,solar,서귀포시 성산읍,33.41805,126.88147
785,solar,서귀포시 성산읍,33.41805,126.88147
786,solar,서귀포시 성산읍,33.41805,126.88147
787,solar,서귀포시 성산읍,33.41805,126.88147
788,solar,제주시 아라이동,33.48148,126.55055
789,solar,서귀포시 안덕면,33.27688,126.34925
790,solar,서귀포시 안덕면,33.27688,126.34925
791,solar,서귀포시 안덕면,33.27688,126.34925
792,solar,서귀포시 안덕면,33.27688,126.34925
793,solar,제주시 애월읍,33.45079,126.3752
794,solar,제주시 애월읍,33.45079,126.3752
795,solar,제주시 애월읍,33.45079,126.3752
796,solar,제주시 조천읍,33.50888,126.66305
797,solar,제주시 조천읍,33.50888,126.66305
798,solar,제주시 조천읍,33.50888,126.66305
799,solar,제주시 조천읍,33.50888,126.66305
800,solar,제주시 조천읍,33.50888,126.66305
801,solar,제주시 조천읍,33.50888,126.66305
802,solar,제주시 한경면,33.3305,126.21066
803,solar,제주시 한경면,33.3305,126.21066
804,solar,제주시 한경면,33.3305,126.21066
805,solar,제주시 한경면,33.3305,126.21066
806,solar,제주시 한경면,33.3305,126.21066
807,solar,제주시 한림읍,33.39344,126.26684
808,solar,제주시 회천동,33.4956,126.61479
809,solar,서귀포시 남원읍,33.3076683,126.6907475
810,solar,서귀포시 남원읍,33.3076683,126.6907475
811,solar,서귀포시 남원읍,33.3076683,126.6907475
812,solar,서귀포시 대정읍,33.2218157,126.2529945
813,solar,서귀포시 대정읍,33.2218157,126.2529945
814,solar,제주시 한림읍,33.39344,126.26684
815,solar,서귀포시 대정읍,33.2218157,126.2529945
816,solar,제주시 이호이동,33.498551,126.4565213
817,solar,제주시 한경면,33.3305,126.21066
818,solar,제주시 한경면,33.3305,126.21066
819,solar,제주시 한경면,33.3305,126.21066
820,solar,제주시 해안동,33.44899,126.46036
821,solar,제주시 오라이동,33.47081,126.50991
822,solar,제주시 한림읍,33.39344,126.26684
823,solar,제주시 한림읍,33.39344,126.26684
824,solar,제주시 한림읍,33.39344,126.26684
825,solar,제주시 한림읍,33.39344,126.26684
826,solar,제주시 한림읍,33.39344,126.26684
827,solar,제주시 한림읍,33.39344,126.26684
828,solar,제주시 한림읍,33.39344,126.26684
829,solar,제주시 한림읍,33.39344,126.26684
830,solar,서귀포시 대정읍,33.2218157,126.2529945
831,solar,서귀포시 대정읍,33.2218157,126.2529945
832,solar,서귀포시 성산읍,33.41805,126.88147
833,solar,제주시 애월읍,33.45079,126.3752
834,solar,제주시 조천읍,33.50888,126.66305
835,solar,제주시 조천읍,33.50888,126.66305
836,solar,서귀포시 표선면,33.3504543,126.794049
837,solar,서귀포시 표선면,33.3504543,126.794049
838,solar,제주시 한경면,33.3305,126.21066
839,solar,제주시 한경면,33.3305,126.21066
840,solar,제주시 한경면,33.3305,126.21066
841,solar,제주시 한경면,33.3305,126.21066
842,solar,제주시 한림읍,33.39344,126.26684
843,solar,서귀포시 표선면,33.3504543,126.794049
844,solar,제주시 한경면,33.3305,126.21066
845,solar,서귀포시 성산읍,33.41805,126.88147
846,solar,서귀포시 성산읍,33.41805,126.88147
847,solar,서귀포시 성산읍,33.41805,126.88147
848,solar,서귀포시 성산읍,33.41805,126.88147
849,solar,서귀포시 성산읍,33.41805,126.88147
850,solar,서귀포시 성산읍,33.41805,126.88147
851,solar,서귀포시 성산읍,33.41805,126.88147
852,solar,서귀포시 표선면,33.3504543,126.794049
853,solar,서귀포시 표선면,33.3504543,126.794049
854,solar,제주시 한경면,33.3305,126.21066
855,solar,서귀포시 성산읍,33.41805,126.88147
856,solar,제주시 조천읍,33.50888,126.66305
857,solar,제주시 한경면,33.3305,126.21066
858,solar,제주시 한경면,33.3305,126.21066
859,solar,제주시 한경면,33.3305,126.21066
860,solar,제주시 한경면,33.3305,126.21066
861,solar,제주시 한경면,33.3305,126.21066
862,solar,제주시 한경면,33.3305,126.21066
863,solar,제주시 한경면,33.3305,126.21066
864,solar,제주시 한림읍,33.39344,126.26684
865,solar,제주시 구좌읍,33.51662,126.81055
866,solar,제주시 구좌읍,33.51662,126.81055
867,solar,서귀포시 대정읍,33.2218157,126.2529945
868,solar,서귀포시 대정읍,33.2218157,126.2529945
869,solar,서귀포시 대정읍,33.2218157,126.2529945
870,solar,제주시 한경면,33.3305,126.21066
871,solar,제주시 한경면,33.3305,126.21066
872,solar,제주시 한경면,33.3305,126.21066
873,solar,제주시 한경면,33.3305,126.21066
874,solar,제주시 한경면,33.3305,126.21066
875,solar,서귀포시 남원읍,33.3076683,126.6907475
876,solar,서귀포시 대정읍,33.2218157,126.2529945
877,solar,서귀포시 성산읍,33.41805,126.88147
878,solar,서귀포시 성산읍,33.41805,126.88147
879,solar,서귀포시 성산읍,33.41805,126.88147
880,solar,서귀포시 안덕면,33.27688,126.34925
881,solar,서귀포시 안덕면,33.27688,126.34925
882,solar,제주시 조천읍,33.50888,126.66305
883,solar,서귀포시 표선면,33.3504543,126.794049
884,solar,제주시 구좌읍,33.51662,126.81055
885,solar,서귀포시 성산읍,33.41805,126.88147
886,solar,서귀포시 성산읍,33.41805,126.88147
887,solar,제주시 구좌읍,33.51662,126.81055
888,solar,제주시 구좌읍,33.51662,126.81055
889,solar,제주시 구좌읍,33.51662,126.81055
890,solar,서귀포시 표선면,33.3504543,126.794049
891,solar,제주시 한경면,33.3305,126.21066
892,solar,제주시 한경면,33.3305,126.21066
893,solar,제주시 한경면,33.3305,126.21066
894,solar,서귀포시 상예동,33.26177,126.38678
895,solar,제주시 외도일동,33.4855847,126.4284514
896,solar,제주시 한경면,33.3305,126.21066
897,solar,제주시 한경면,33.3305,126.21066
898,solar,제주시 한경면,33.3305,126.21066
899,solar,제주시 조천읍,33.50888,126.66305
900,solar,제주시 한경면,33.3305,126.21066
901,solar,제주시 한림읍,33.39344,126.26684
902,solar,제주시 한림읍,33.39344,126.26684
903,solar,제주시 구좌읍,33.51662,126.81055
904,solar,제주시 구좌읍,33.51662,126.81055
905,solar,서귀포시 남원읍,33.3076683,126.6907475
906,solar,제주시 애월읍,33.45079,126.3752
907,solar,제주시 애월읍,33.45079,126.3752
908,solar,제주시 조천읍,33.50888,126.66305
909,solar,제주시 조천읍,33.50888,126.66305
910,solar,제주시 조천읍,33.50888,126.66305
911,solar,제주시 조천읍,33.50888,126.66305
912,solar,제주시 조천읍,33.50888,126.66305
913,solar,제주시 조천읍,33.50888,126.66305
914,solar,제주시 조천읍,33.50888,126.66305
915,solar,제주시 조천읍,33.50888,126.66305
916,solar,제주시 조천읍,33.50888,126.66305
917,solar,제주시 구좌읍,33.51662,126.81055
918,solar,제주시 구좌읍,33.51662,126.81055
919,solar,서귀포시 성산읍,33.41805,126.88147
920,solar,제주시 영평동,33.4812,126.57106
921,solar,제주시 조천읍,33.50888,126.66305
922,solar,제주시 조천읍,33.50888,126.66305
923,solar,제주시 한경면,33.3305,126.21066
924,solar,제주시 한경면,33.3305,126.21066
925,solar,제주시 한경면,33.3305,126.21066
926,solar,서귀포시 서홍동,33.25965,126.55175
927,solar,서귀포시 표선면,33.3504543,126.794049
928,solar,서귀포시 표선면,33.3504543,126.794049
929,solar,서귀포시 표선면,33.3504543,126.794049
930,solar,서귀포시 남원읍,33.3076683,126.6907475
931,solar,제주시 애월읍,33.45079,126.3752
932,solar,제주시 한림읍,33.39344,126.26684
933,solar,제주시 한림읍,33.39344,126.26684
934,solar,제주시 한림읍,33.39344,126.26684
935,solar,서귀포시 남원읍,33.3076683,126.6907475
936,solar,서귀포시 표선면,33.3504543,126.794049
937,solar,서귀포시 강정동,33.24695,126.48927
938,solar,제주시 구좌읍,33.51662,126.81055
939,solar,서귀포시 남원읍,33.3076683,126.6907475
940,solar,서귀포시 남원읍,33.3076683,126.6907475
941,solar,서귀포시 대정읍,33.2218157,126.2529945
942,solar,서귀포시 대정읍,33.2218157,126.2529945
943,solar,서귀포시 상예동,33.26177,126.38678
944,solar,서귀포시 성산읍,33.41805,126.88147
945,solar,서귀포시 안덕면,33.27688,126.34925
946,solar,서귀포시 표선면,33.3504543,126.794049
947,solar,서귀포시 표선면,33.3504543,126.794049
948,solar,서귀포시 하원동,33.2626587,126.4600239
949,solar,서귀포시 하원동,33.2626587,126.4600239
950,solar,제주시 한경면,33.3305,126.21066
951,solar,서귀포시 성산읍,33.41805,126.88147
952,solar,서귀포시 표선면,33.3504543,126.794049
953,solar,서귀포시 도순동,33.2569662,126.4731036
954,solar,서귀포시 성산읍,33.41805,126.88147
955,solar,서귀포시 성산읍,33.41805,126.88147
956,solar,서귀포시 표선면,33.3504543,126.794049
957,solar,제주시 애월읍,33.45079,126.3752
958,solar,제주시 한경면,33.3305,126.21066
959,solar,서귀포시 대정읍,33.2218157,126.2529945
960,solar,제주시 애월읍,33.45079,126.3752
961,solar,제주시 한림읍,33.39344,126.26684
962,solar,서귀포시 표선면,33.3504543,126.794049
963,solar,서귀포시 표선면,33.3504543,126.794049
964,solar,서귀포시 표선면,33.3504543,126.794049
965,solar,서귀포시 표선면,33.3504543,126.794049
966,solar,서귀포시 표선면,33.3504543,126.794049
967,solar,서귀포시 표선면,33.3504543,126.794049
968,solar,서귀포시 표선면,33.3504543,126.794049
969,solar,서귀포시 남원읍,33.3076683,126.6907475
970,solar,서귀포시 대정읍,33.2218157,126.2529945
971,solar,서귀포시 성산읍,33.41805,126.88147
972,solar,서귀포시 성산읍,33.41805,126.88147
973,solar,서귀포시 성산읍,33.41805,126.88147
974,solar,제주시 구좌읍,33.51662,126.81055
975,solar,제주시 구좌읍,33.51662,126.81055
976,solar,제주시 애월읍,33.45079,126.3752
977,solar,제주시 용강동,33.47017,126.58934
978,solar,제주시 한경면,33.3305,126.21066
979,solar,제주시 한림읍,33.39344,126.26684
980,solar,제주시 회천동,33.4956,126.61479
981,solar,서귀포시 동홍동,33.26184,126.56804
982,solar,제주시 외도일동,33.4855847,126.4284514
983,solar,서귀포시 표선면,33.3504543,126.794049
984,solar,제주시 한림읍,33.39344,126.26684
985,solar,제주시 애월읍,33.45079,126.3752
986,solar,서귀포시 표선면,33.3504543,126.794049
987,solar,서귀포시 표선면,33.3504543,126.794049
988,solar,서귀포시 표선면,33.3504543,126.794049
989,solar,제주시 한경면,33.3305,126.21066
990,solar,제주시 한림읍,33.39344,126.26684
991,solar,제주시 한림읍,33.39344,126.26684
992,solar,제주시 한림읍,33.39344,126.26684
993,solar,제주시 한림읍,33.39344,126.26684
994,solar,제주시 회천동,33.4956,126.61479
995,solar,제주시 조천읍,33.50888,126.66305
996,solar,서귀포시 남원읍,33.3076683,126.6907475
997,solar,서귀포시 대정읍,33.2218157,126.2529945
998,solar,제주시 애월읍,33.45079,126.3752
999,solar,서귀포시 표선면,33.3504543,126.794049
1000,solar,서귀포시 표선면,33.3504543,126.794049
1001,solar,서귀포시 표선면,33.3504543,126.794049
1002,solar,제주시 한림읍,33.39344,126.26684
1003,solar,제주시 회천동,33.4956,126.61479
1004,solar,제주시 구좌읍,33.51662,126.81055
1005,solar,제주시 구좌읍,33.51662,126.81055
1006,solar,제주시 구좌읍,33.51662,126.81055
1007,solar,서귀포시 남원읍,33.3076683,126.6907475
1008,solar,제주시 봉개동,33.484188,126.5993497
1009,solar,서귀포시 안덕면,33.27688,126.34925
1010,solar,서귀포시 안덕면,33.27688,126.34925
1011,solar,제주시 한경면,33.3305,126.21066
1012,solar,제주시 용강동,33.47017,126.58934
1013,solar,제주시 한경면,33.3305,126.21066
1014,solar,제주시 한경면,33.3305,126.21066
1015,solar,서귀포시 강정동,33.24695,126.48927
1016,solar,서귀포시 성산읍,33.41805,126.88147
1017,solar,서귀포시 성산읍,33.41805,126.88147
1018,solar,서귀포시 성산읍,33.41805,126.88147
1019,solar,서귀포시 안덕면,33.27688,126.34925
1020,solar,서귀포시 표선면,33.3504543,126.794049
1021,solar,제주시 구좌읍,33.51662,126.81055
1022,solar,제주시 애월읍,33.45079,126.3752
1023,solar,제주시 한경면,33.3305,126.21066
1024,solar,제주시 한경면,33.3305,126.21066
1025,solar,제주시 한경면,33.3305,126.21066
1026,solar,서귀포시 남원읍,33.3076683,126.6907475
1027,solar,서귀포시 대정읍,33.2218157,126.2529945
1028,solar,서귀포시 성산읍,33.41805,126.88147
1029,solar,서귀포시 성산읍,33.41805,126.88147
1030,solar,서귀포시 성산읍,33.41805,126.88147
1031,solar,서귀포시 성산읍,33.41805,126.88147
1032,solar,서귀포시 표선면,33.3504543,126.794049
1033,solar,서귀포시 대정읍,33.2218157,126.2529945
1034,solar,서귀포시 대정읍,33.2218157,126.2529945
1035,solar,서귀포시 서호동,33.25759,126.51916
1036,solar,서귀포시 안덕면,33.27688,126.34925
1037,solar,제주시 애월읍,33.45079,126.3752
1038,solar,제주시 영평동,33.4812,126.57106
1039,solar,제주시 조천읍,33.50888,126.66305
1040,solar,제주시 한경면,33.3305,126.21066
1041,solar,제주시 한경면,33.3305,126.21066
1042,solar,제주시 한림읍,33.39344,126.26684
1043,solar,제주시 한림읍,33.39344,126.26684
1044,solar,서귀포시 대정읍,33.2218157,126.2529945
1045,solar,서귀포시 대정읍,33.2218157,126.2529945
1046,solar,서귀포시 안덕면,33.27688,126.34925
1047,solar,서귀포시 표선면,33.3504543,126.794049
1048,solar,서귀포시 표선면,33.3504543,126.794049
1049,solar,서귀포시 호근동,33.25632,126.53351
1050,solar,제주시 애월읍,33.45079,126.3752
1051,solar,제주시 오등동,33.46148,126.53087
1052,solar,제주시 조천읍,33.50888,126.66305
1053,solar,제주시 한림읍,33.39344,126.26684
1054,solar,제주시 한림읍,33.39344,126.26684
1055,solar,제주시 한림읍,33.39344,126.26684
1056,solar,서귀포시 남원읍,33.3076683,126.6907475
1057,solar,서귀포시 남원읍,33.3076683,126.6907475
1058,solar,서귀포시 남원읍,33.3076683,126.6907475
1059,solar,서귀포시 대정읍,33.2218157,126.2529945
1060,solar,서귀포시 대정읍,33.2218157,126.2529945
1061,solar,서귀포시 성산읍,33.41805,126.88147
1062,solar,서귀포시 안덕면,33.27688,126.34925
1063,solar,제주시 이도일동,33.5059,126.5278
1064,solar,제주시 한경면,33.3305,126.21066
1065,solar,제주시 한림읍,33.39344,126.26684
1066,solar,제주시 한경면,33.3305,126.21066
1067,solar,제주시 한경면,33.3305,126.21066
1068,solar,제주시 한림읍,33.39344,126.26684
1069,solar,제주시 한림읍,33.39344,126.26684
1070,solar,제주시 한림읍,33.39344,126.26684
1071,solar,제주시 한림읍,33.39344,126.26684
1072,solar,제주시 한림읍,33.39344,126.26684
1073,solar,제주시 한림읍,33.39344,126.26684
1074,solar,서귀포시 남원읍,33.3076683,126.6907475
1075,solar,서귀포시 남원읍,33.3076683,126.6907475
1076,solar,서귀포시 성산읍,33.41805,126.88147
1077,solar,서귀포시 성산읍,33.41805,126.88147
1078,solar,서귀포시 표선면,33.3504543,126.794049
1079,solar,서귀포시 표선면,33.3504543,126.794049
1080,solar,서귀포시 표선면,33.3504543,126.794049
1081,solar,서귀포시 표선면,33.3504543,126.794049
1082,solar,제주시 구좌읍,33.51662,126.81055
1083,solar,제주시 구좌읍,33.51662,126.81055
1084,solar,제주시 구좌읍,33.51662,126.81055
1085,solar,제주시 애월읍,33.45079,126.3752
1086,solar,제주시 조천읍,33.50888,126.66305
1087,solar,제주시 조천읍,33.50888,126.66305
1088,solar,제주시 구좌읍,33.51662,126.81055
1089,solar,제주시 구좌읍,33.51662,126.81055
1090,solar,제주시 구좌읍,33.51662,126.81055
1091,solar,제주시 구좌읍,33.51662,126.81055
1092,solar,제주시 월평동,33.46498,126.57733
1093,solar,제주시 월평동,33.46498,126.57733
1094,solar,제주시 조천읍,33.50888,126.66305
1095,solar,제주시 조천읍,33.50888,126.66305
1096,solar,제주시 조천읍,33.50888,126.66305
1097,solar,제주시 조천읍,33.50888,126.66305
1098,solar,제주시 조천읍,33.50888,126.66305
1099,solar,제주시 한경면,33.3305,126.21066
1100,solar,서귀포시 남원읍,33.3076683,126.6907475
1101,solar,서귀포시 남원읍,33.3076683,126.6907475
1102,solar,서귀포시 남원읍,33.3076683,126.6907475
1103,solar,서귀포시 대정읍,33.2218157,126.2529945
1104,solar,서귀포시 대정읍,33.2218157,126.2529945
1105,solar,제주시 애월읍,33.45079,126.3752
1106,solar,제주시 애월읍,33.45079,126.3752
1107,solar,제주시 한경면,33.3305,126.21066
1108,solar,제주시 한경면,33.3305,126.21066
1109,solar,제주시 한경면,33.3305,126.21066
1110,solar,제주시 한경면,33.3305,126.21066
1111,solar,제주시 한경면,33.3305,126.21066
1112,solar,제주시 한경면,33.3305,126.21066
1113,solar,제주시 한림읍,33.39344,126.26684
1114,solar,제주시 한림읍,33.39344,126.26684
1115,solar,제주시 한림읍,33.39344,126.26684
1116,solar,제주시 구좌읍,33.51662,126.81055
1117,solar,제주시 구좌읍,33.51662,126.81055
1118,solar,제주시 구좌읍,33.51662,126.81055
1119,solar,제주시 구좌읍,33.51662,126.81055
1120,solar,제주시 조천읍,33.50888,126.66305
1121,solar,제주시 조천읍,33.50888,126.66305
1122,solar,제주시 조천읍,33.50888,126.66305
1123,solar,제주시 한림읍,33.39344,126.26684
1124,solar,서귀포시 남원읍,33.3076683,126.6907475
1125,solar,서귀포시 대정읍,33.2218157,126.2529945
1126,solar,서귀포시 성산읍,33.41805,126.88147
1127,solar,서귀포시 성산읍,33.41805,126.88147
1128,solar,서귀포시 성산읍,33.41805,126.88147
1129,solar,서귀포시 안덕면,33.27688,126.34925
1130,solar,서귀포시 표선면,33.3504543,126.794049
1131,solar,제주시 애월읍,33.45079,126.3752
1132,solar,제주시 한경면,33.3305,126.21066
1133,solar,제주시 한경면,33.3305,126.21066
1134,solar,제주시 한림읍,33.39344,126.26684
1135,solar,제주시 한림읍,33.39344,126.26684
1136,solar,제주시 한림읍,33.39344,126.26684
1137,solar,서귀포시 남원읍,33.3076683,126.6907475
1138,solar,서귀포시 남원읍,33.3076683,126.6907475
1139,solar,서귀포시 남원읍,33.3076683,126.6907475
1140,solar,서귀포시 남원읍,33.3076683,126.6907475
1141,solar,서귀포시 남원읍,33.3076683,126.6907475
1142,solar,서귀포시 대정읍,33.2218157,126.2529945
1143,solar,서귀포시 대정읍,33.2218157,126.2529945
1144,solar,서귀포시 대정읍,33.2218157,126.2529945
1145,solar,서귀포시 안덕면,33.27688,126.34925
1146,solar,제주시 애월읍,33.45079,126.3752
1147,solar,제주시 애월읍,33.45079,126.3752
1148,solar,제주시 한경면,33.3305,126.21066
1149,solar,제주시 한림읍,33.39344,126.26684
1150,solar,제주시 한림읍,33.39344,126.26684
1151,solar,제주시 한림읍,33.39344,126.26684
1152,solar,제주시 한림읍,33.39344,126.26684
1153,solar,서귀포시 남원읍,33.3076683,126.6907475
1154,solar,서귀포시 성산읍,33.41805,126.88147
1155,solar,서귀포시 성산읍,33.41805,126.88147
1156,solar,서귀포시 성산읍,33.41805,126.88147
1157,solar,서귀포시 성산읍,33.41805,126.88147
1158,solar,서귀포시 성산읍,33.41805,126.88147
1159,solar,서귀포시 성산읍,33.41805,126.88147
1160,solar,서귀포시 성산읍,33.41805,126.88147
1161,solar,서귀포시 표선면,33.3504543,126.794049
1162,solar,제주시 한림읍,33.39344,126.26684
1163,solar,서귀포시 남원읍,33.3076683,126.6907475
1164,solar,서귀포시 상예동,33.26177,126.38678
1165,solar,서귀포시 성산읍,33.41805,126.88147
1166,solar,서귀포시 성산읍,33.41805,126.88147
1167,solar,서귀포시 성산읍,33.41805,126.88147
1168,solar,서귀포시 안덕면,33.27688,126.34925
1169,solar,제주시 조천읍,33.50888,126.66305
1170,solar,제주시 조천읍,33.50888,126.66305
1171,solar,제주시 한림읍,33.39344,126.26684
1172,solar,제주시 한림읍,33.39344,126.26684
1173,solar,제주시 한림읍,33.39344,126.26684
1174,solar,제주시 한림읍,33.39344,126.26684
1175,solar,제주시 한림읍,33.39344,126.26684
1176,solar,제주시 한림읍,33.39344,126.26684
1177,solar,서귀포시 남원읍,33.3076683,126.6907475
1178,solar,서귀포시 남원읍,33.3076683,126.6907475
1179,solar,서귀포시 남원읍,33.3076683,126.6907475
1180,solar,서귀포시 남원읍,33.3076683,126.6907475
1181,solar,서귀포시 대정읍,33.2218157,126.2529945
1182,solar,서귀포시 대정읍,33.2218157,126.2529945
1183,solar,서귀포시 대정읍,33.2218157,126.2529945
1184,solar,서귀포시 대정읍,33.2218157,126.2529945
1185,solar,서귀포시 대정읍,33.2218157,126.2529945
1186,solar,제주시 조천읍,33.50888,126.66305
1187,solar,제주시 조천읍,33.50888,126.66305
1188,solar,제주시 한림읍,33.39344,126.26684
1189,solar,서귀포시 대정읍,33.2218157,126.2529945
1190,solar,서귀포시 대정읍,33.2218157,126.2529945
1191,solar,서귀포시 성산읍,33.41805,126.88147
1192,solar,서귀포시 표선면,33.3504543,126.794049
1193,solar,서귀포시 표선면,33.3504543,126.794049
1194,solar,서귀포시 표선면,33.3504543,126.794049
1195,solar,제주시 구좌읍,33.51662,126.81055
1196,solar,제주시 구좌읍,33.51662,126.81055
1197,solar,제주시 애월읍,33.45079,126.3752
1198,solar,제주시 애월읍,33.45079,126.3752
1199,solar,제주시 애월읍,33.45079,126.3752
1200,solar,제주시 한경면,33.3305,126.21066
1201,solar,제주시 한경면,33.3305,126.21066
1202,solar,제주시 한경면,33.3305,126.21066
1203,solar,제주시 한림읍,33.39344,126.26684
1204,solar,서귀포시 남원읍,33.3076683,126.6907475
1205,solar,서귀포시 대정읍,33.2218157,126.2529945
1206,solar,서귀포시 표선면,33.3504543,126.794049
1207,solar,서귀포시 표선면,33.3504543,126.794049
1208,solar,서귀포시 표선면,33.3504543,126.794049
1209,solar,서귀포시 표선면,33.3504543,126.794049
1210,solar,서귀포시 표선면,33.3504543,126.794049
1211,solar,서귀포시 표선면,33.3504543,126.794049
1212,solar,서귀포시 표선면,33.3504543,126.794049
1213,solar,서귀포시 표선면,33.3504543,126.794049
1214,solar,서귀포시 표선면,33.3504543,126.794049
1215,solar,서귀포시 표선면,33.3504543,126.794049
1216,solar,서귀포시 표선면,33.3504543,126.794049
1217,solar,서귀포시 표선면,33.3504543,126.794049
1218,solar,서귀포시 표선면,33.3504543,126.794049
1219,solar,제주시 한경면,33.3305,126.21066
1220,solar,제주시 한경면,33.3305,126.21066
1221,solar,제주시 한경면,33.3305,126.21066
1222,solar,제주시 한경면,33.3305,126.21066
1223,solar,제주시 한림읍,33.39344,126.26684
1224,solar,제주시 한림읍,33.39344,126.26684
1225,solar,제주시 구좌읍,33.51662,126.81055
1226,solar,제주시 월평동,33.46498,126.57733
1227,solar,제주시 한림읍,33.39344,126.26684
1228,solar,제주시 아라일동,33.46882,126.54574
1229,solar,제주시 연동,33.47575,126.49418
1230,solar,제주시 한림읍,33.39344,126.26684
1231,solar,서귀포시 남원읍,33.3076683,126.6907475
1232,solar,서귀포시 상예동,33.26177,126.38678
1233,solar,서귀포시 성산읍,33.41805,126.88147
1234,solar,서귀포시 성산읍,33.41805,126.88147
1235,solar,서귀포시 성산읍,33.41805,126.88147
1236,solar,서귀포시 안덕면,33.27688,126.34925
1237,solar,제주시 애월읍,33.45079,126.3752
1238,solar,제주시 애월읍,33.45079,126.3752
1239,solar,제주시 애월읍,33.45079,126.3752
1240,solar,제주시 애월읍,33.45079,126.3752
1241,solar,제주시 애월읍,33.45079,126.3752
1242,solar,제주시 오라이동,33.47081,126.50991
1243,solar,서귀포시 표선면,33.3504543,126.794049
1244,solar,서귀포시 표선면,33.3504543,126.794049
1245,solar,서귀포시 표선면,33.3504543,126.794049
1246,solar,서귀포시 표선면,33.3504543,126.794049
1247,solar,서귀포시 표선면,33.3504543,126.794049
1248,solar,서귀포시 표선면,33.3504543,126.794049
1249,solar,서귀포시 표선면,33.3504543,126.794049
1250,solar,서귀포시 표선면,33.3504543,126.794049
1251,solar,서귀포시 표선면,33.3504543,126.794049
1252,solar,서귀포시 표선면,33.3504543,126.794049
1253,solar,제주시 한경면,33.3305,126.21066
1254,solar,제주시 한경면,33.3305,126.21066
1255,solar,제주시 한경면,33.3305,126.21066
1256,solar,제주시 한경면,33.3305,126.21066
1257,solar,제주시 한경면,33.3305,126.21066
1258,solar,제주시 한림읍,33.39344,126.26684
1259,solar,제주시 한림읍,33.39344,126.26684
1260,solar,제주시 한림읍,33.39344,126.26684
1261,solar,제주시 한림읍,33.39344,126.26684
1262,solar,제주시 한림읍,33.39344,126.26684
1263,solar,제주시 한림읍,33.39344,126.26684
1264,solar,제주시 한림읍,33.39344,126.26684
1265,solar,제주시 한림읍,33.39344,126.26684
1266,solar,제주시 한림읍,33.39344,126.26684
1267,solar,서귀포시 성산읍,33.41805,126.88147
1268,solar,서귀포시 표선면,33.3504543,126.794049
1269,solar,서귀포시 표선면,33.3504543,126.794049
1270,solar,서귀포시 표선면,33.3504543,126.794049
1271,solar,서귀포시 표선면,33.3504543,126.794049
1272,solar,서귀포시 표선면,33.3504543,126.794049
1273,solar,서귀포시 표선면,33.3504543,126.794049
1274,solar,서귀포시 표선면,33.3504543,126.794049
1275,solar,서귀포시 표선면,33.3504543,126.794049
1276,solar,서귀포시 강정동,33.24695,126.48927
1277,solar,제주시 구좌읍,33.51662,126.81055
1278,solar,제주시 구좌읍,33.51662,126.81055
1279,solar,제주시 구좌읍,33.51662,126.81055
1280,solar,제주시 구좌읍,33.51662,126.81055
1281,solar,제주시 구좌읍,33.51662,126.81055
1282,solar,제주시 구좌읍,33.51662,126.81055
1283,solar,서귀포시 남원읍,33.3076683,126.6907475
1284,solar,제주시 봉개동,33.484188,126.5993497
1285,solar,서귀포시 상예동,33.26177,126.38678
1286,solar,서귀포시 상예동,33.26177,126.38678
1287,solar,서귀포시 성산읍,33.41805,126.88147
1288,solar,서귀포시 성산읍,33.41805,126.88147
1289,solar,서귀포시 성산읍,33.41805,126.88147
1290,solar,서귀포시 성산읍,33.41805,126.88147
1291,solar,서귀포시 성산읍,33.41805,126.88147
1292,solar,제주시 애월읍,33.45079,126.3752
1293,solar,제주시 애월읍,33.45079,126.3752
1294,solar,제주시 애월읍,33.45079,126.3752
1295,solar,제주시 애월읍,33.45079,126.3752
1296,solar,제주시 애월읍,33.45079,126.3752
1297,solar,제주시 조천읍,33.50888,126.66305
1298,solar,제주시 조천읍,33.50888,126.66305
1299,solar,제주시 조천읍,33.50888,126.66305
1300,solar,제주시 조천읍,33.50888,126.66305
1301,solar,서귀포시 표선면,33.3504543,126.794049
1302,solar,제주시 한경면,33.3305,126.21066
1303,solar,제주시 한경면,33.3305,126.21066
1304,solar,제주시 한경면,33.3305,126.21066
1305,solar,제주시 한경면,33.3305,126.21066
1306,solar,제주시 한림읍,33.39344,126.26684
1307,solar,제주시 구좌읍,33.51662,126.81055
1308,solar,제주시 구좌읍,33.51662,126.81055
1309,solar,제주시 구좌읍,33.51662,126.81055
1310,solar,제주시 구좌읍,33.51662,126.81055
1311,solar,제주시 구좌읍,33.51662,126.81055
1312,solar,제주시 구좌읍,33.51662,126.81055
1313,solar,제주시 애월읍,33.45079,126.3752
1314,solar,제주시 애월읍,33.45079,126.3752
1315,solar,제주시 애월읍,33.45079,126.3752
1316,solar,제주시 애월읍,33.45079,126.3752
1317,solar,제주시 애월읍,33.45079,126.3752
1318,solar,제주시 조천읍,33.50888,126.66305
1319,solar,제주시 조천읍,33.50888,126.66305
1320,solar,제주시 한경면,33.3305,126.21066
1321,solar,제주시 한경면,33.3305,126.21066
1322,solar,제주시 한경면,33.3305,126.21066
1323,solar,제주시 한경면,33.3305,126.21066
1324,solar,제주시 한경면,33.3305,126.21066
1325,solar,제주시 한림읍,33.39344,126.26684
1326,solar,제주시 한림읍,33.39344,126.26684
1327,solar,제주시 한림읍,33.39344,126.26684
1328,solar,제주시 한림읍,33.39344,126.26684
1329,solar,제주시 한림읍,33.39344,126.26684
1330,solar,제주시 한림읍,33.39344,126.26684
1331,solar,제주시 한림읍,33.39344,126.26684
1332,solar,제주시 해안동,33.44899,126.46036
1333,solar,서귀포시 대정읍,33.2218157,126.2529945
1334,solar,서귀포시 성산읍,33.41805,126.88147
1335,solar,제주시 구좌읍,33.51662,126.81055
1336,solar,제주시 구좌읍,33.51662,126.81055
1337,solar,서귀포시 대정읍,33.2218157,126.2529945
1338,solar,서귀포시 대정읍,33.2218157,126.2529945
1339,solar,서귀포시 성산읍,33.41805,126.88147
1340,solar,제주시 애월읍,33.45079,126.3752
1341,solar,제주시 조천읍,33.50888,126.66305
1342,solar,제주시 조천읍,33.50888,126.66305
1343,solar,제주시 조천읍,33.50888,126.66305
1344,solar,서귀포시 표선면,33.3504543,126.794049
1345,solar,제주시 한경면,33.3305,126.21066
1346,solar,제주시 한경면,33.3305,126.21066
1347,solar,제주시 한경면,33.3305,126.21066
1348,solar,서귀포시 대정읍,33.2218157,126.2529945
1349,solar,제주시 한경면,33.3305,126.21066
1350,solar,제주시 구좌읍,33.51662,126.81055
1351,solar,서귀포시 대정읍,33.2218157,126.2529945
1352,solar,서귀포시 안덕면,33.27688,126.34925
1353,solar,제주시 한림읍,33.39344,126.26684
1354,solar,제주시 한림읍,33.39344,126.26684
1355,solar,제주시 한림읍,33.39344,126.26684
1356,solar,제주시 한림읍,33.39344,126.26684
1357,solar,제주시 구좌읍,33.51662,126.81055
1358,solar,제주시 구좌읍,33.51662,126.81055
1359,solar,제주시 한경면,33.3305,126.21066
1360,solar,제주시 한경면,33.3305,126.21066
1361,solar,제주시 구좌읍,33.51662,126.81055
1362,solar,서귀포시 대정읍,33.2218157,126.2529945
1363,solar,제주시 한경면,33.3305,126.21066
1364,solar,제주시 한경면,33.3305,126.21066
1365,solar,제주시 한경면,33.3305,126.21066
1366,solar,제주시 한경면,33.3305,126.21066
1367,solar,제주시 한경면,33.3305,126.21066
1368,solar,제주시 한림읍,33.39344,126.26684
1369,solar,제주시 한림읍,33.39344,126.26684
1370,solar,제주시 한경면,33.3305,126.21066
1371,solar,제주시 한경면,33.3305,126.21066
1372,solar,제주시 한경면,33.3305,126.21066
1373,solar,제주시 한림읍,33.39344,126.26684
1374,solar,제주시 한림읍,33.39344,126.26684
1375,solar,제주시 한림읍,33.39344,126.26684
1376,solar,제주시 한경면,33.3305,126.21066
1377,solar,제주시 한경면,33.3305,126.21066
1378,solar,제주시 한경면,33.3305,126.21066
1379,solar,제주시 한림읍,33.39344,126.26684
1380,solar,제주시 한림읍,33.39344,126.26684
1381,solar,제주시 한림읍,33.39344,126.26684
1382,solar,제주시 한림읍,33.39344,126.26684
1383,solar,제주시 회천동,33.4956,126.61479
1384,solar,서귀포시 남원읍,33.3076683,126.6907475
1385,solar,서귀포시 대정읍,33.2218157,126.2529945
1386,solar,서귀포시 대정읍,33.2218157,126.2529945
1387,solar,제주시 애월읍,33.45079,126.3752
1388,solar,제주시 한경면,33.3305,126.21066
1389,solar,제주시 한경면,33.3305,126.21066
1390,solar,제주시 한림읍,33.39344,126.26684
1391,solar,제주시 한림읍,33.39344,126.26684
1392,solar,제주시 조천읍,33.50888,126.66305
1393,solar,제주시 한림읍,33.39344,126.26684
1394,solar,제주시 한림읍,33.39344,126.26684
1395,solar,서귀포시 표선면,33.3504543,126.794049
1396,solar,서귀포시 표선면,33.3504543,126.794049
1397,solar,제주시 한경면,33.3305,126.21066
1398,solar,제주시 해안동,33.44899,126.46036
1399,solar,서귀포시 남원읍,33.3076683,126.6907475
1400,solar,서귀포시 성산읍,33.41805,126.88147
1401,solar,서귀포시 성산읍,33.41805,126.88147
1402,solar,서귀포시 대정읍,33.2218157,126.2529945
1403,solar,서귀포시 대정읍,33.2218157,126.2529945
1404,solar,서귀포시 표선면,33.3504543,126.794049
1405,solar,서귀포시 표선면,33.3504543,126.794049
1406,solar,제주시 애월읍,33.45079,126.3752
1407,solar,제주시 한경면,33.3305,126.21066
1408,solar,제주시 한경면,33.3305,126.21066
1409,solar,제주시 한림읍,33.39344,126.26684
1410,solar,제주시 한림읍,33.39344,126.26684
1411,solar,제주시 한림읍,33.39344,126.26684
1412,solar,제주시 한림읍,33.39344,126.26684
1413,solar,제주시 구좌읍,33.51662,126.81055
1414,solar,서귀포시 대정읍,33.2218157,126.2529945
1415,solar,서귀포시 안덕면,33.27688,126.34925
1416,solar,서귀포시 대정읍,33.2218157,126.2529945
1417,solar,서귀포시 상예동,33.26177,126.38678
1418,solar,서귀포시 표선면,33.3504543,126.794049
1419,solar,서귀포시 표선면,33.3504543,126.794049
1420,solar,제주시 한경면,33.3305,126.21066
1421,solar,제주시 애월읍,33.45079,126.3752
1422,solar,제주시 애월읍,33.45079,126.3752
1423,solar,제주시 애월읍,33.45079,126.3752
1424,solar,서귀포시 강정동,33.24695,126.48927
1425,solar,서귀포시 서홍동,33.25965,126.55175
1426,solar,서귀포시 안덕면,33.27688,126.34925
1427,solar,서귀포시 안덕면,33.27688,126.34925
1428,solar,서귀포시 안덕면,33.27688,126.34925
1429,solar,제주시 조천읍,33.50888,126.66305
1430,solar,제주시 조천읍,33.50888,126.66305
1431,solar,제주시 한경면,33.3305,126.21066
1432,solar,제주시 한경면,33.3305,126.21066
1433,solar,제주시 한경면,33.3305,126.21066
1434,solar,제주시 구좌읍,33.51662,126.81055
1435,solar,제주시 구좌읍,33.51662,126.81055
1436,solar,서귀포시 남원읍,33.3076683,126.6907475
1437,solar,서귀포시 남원읍,33.3076683,126.6907475
1438,solar,서귀포시 남원읍,33.3076683,126.6907475
1439,solar,서귀포시 대정읍,33.2218157,126.2529945
1440,solar,서귀포시 대정읍,33.2218157,126.2529945
1441,solar,서귀포시 중문동,33.262002,126.4288617
1442,solar,서귀포시 표선면,33.3504543,126.794049
1443,solar,제주시 한경면,33.3305,126.21066
1444,solar,제주시 한림읍,33.39344,126.26684
1445,solar,제주시 한림읍,33.39344,126.26684
1446,solar,제주시 한림읍,33.39344,126.26684
1447,solar,서귀포시 대정읍,33.2218157,126.2529945
1448,solar,제주시 조천읍,33.50888,126.66305
1449,solar,제주시 구좌읍,33.51662,126.81055
1450,solar,제주시 구좌읍,33.51662,126.81055
1451,solar,제주시 조천읍,33.50888,126.66305
1452,solar,제주시 한경면,33.3305,126.21066
1453,solar,제주시 한경면,33.3305,126.21066
1454,solar,제주시 한경면,33.3305,126.21066
1455,solar,제주시 한경면,33.3305,126.21066
1456,solar,제주시 한림읍,33.39344,126.26684
1457,solar,제주시 한림읍,33.39344,126.26684
1458,solar,제주시 한림읍,33.39344,126.26684
1459,solar,제주시 구좌읍,33.51662,126.81055
1460,solar,제주시 한림읍,33.39344,126.26684
1461,solar,제주시 한림읍,33.39344,126.26684
1462,solar,제주시 오라삼동,33.49487,126.50508
1463,solar,제주시 한림읍,33.39344,126.26684
1464,solar,제주시 한림읍,33.39344,126.26684
1465,solar,서귀포시 남원읍,33.3076683,126.6907475
1466,solar,서귀포시 남원읍,33.3076683,126.6907475
1467,solar,서귀포시 대정읍,33.2218157,126.2529945
1468,solar,서귀포시 안덕면,33.27688,126.34925
1469,solar,제주시 조천읍,33.50888,126.66305
1470,solar,서귀포시 표선면,33.3504543,126.794049
1471,solar,서귀포시 대정읍,33.2218157,126.2529945
1472,solar,서귀포시 대정읍,33.2218157,126.2529945
1473,solar,서귀포시 대정읍,33.2218157,126.2529945
1474,solar,서귀포시 대정읍,33.2218157,126.2529945
1475,solar,서귀포시 안덕면,33.27688,126.34925
1476,solar,제주시 한경면,33.3305,126.21066
1477,solar,제주시 회천동,33.4956,126.61479
1478,solar,제주시 구좌읍,33.51662,126.81055
1479,solar,제주시 구좌읍,33.51662,126.81055
1480,solar,제주시 한림읍,33.39344,126.26684
1481,solar,제주시 구좌읍,33.51662,126.81055
1482,solar,제주시 구좌읍,33.51662,126.81055
1483,solar,제주시 한림읍,33.39344,126.26684
1484,solar,제주시 한림읍,33.39344,126.26684
1485,solar,제주시 애월읍,33.45079,126.3752
1486,solar,제주시 회천동,33.4956,126.61479
1487,solar,제주시 구좌읍,33.51662,126.81055
1488,solar,제주시 애월읍,33.45079,126.3752
1489,solar,제주시 조천읍,33.50888,126.66305
1490,solar,제주시 조천읍,33.50888,126.66305
1491,solar,제주시 조천읍,33.50888,126.66305
1492,solar,제주시 한경면,33.3305,126.21066
1493,solar,제주시 한경면,33.3305,126.21066
1494,solar,제주시 한경면,33.3305,126.21066
1495,solar,제주시 한경면,33.3305,126.21066
1496,solar,제주시 한림읍,33.39344,126.26684
1497,solar,제주시 한림읍,33.39344,126.26684
1498,solar,서귀포시 남원읍,33.3076683,126.6907475
1499,solar,서귀포시 남원읍,33.3076683,126.6907475
1500,solar,서귀포시 남원읍,33.3076683,126.6907475
1501,solar,서귀포시 남원읍,33.3076683,126.6907475
1502,solar,서귀포시 대정읍,33.2218157,126.2529945
1503,solar,서귀포시 대정읍,33.2218157,126.2529945
1504,solar,서귀포시 성산읍,33.41805,126.88147
1505,solar,서귀포시 성산읍,33.41805,126.88147
1506,solar,서귀포시 안덕면,33.27688,126.34925
1507,solar,서귀포시 안덕면,33.27688,126.34925
1508,solar,제주시 구좌읍,33.51662,126.81055
1509,solar,서귀포시 남원읍,33.3076683,126.6907475
1510,solar,서귀포시 대정읍,33.2218157,126.2529945
1511,solar,서귀포시 대정읍,33.2218157,126.2529945
1512,solar,서귀포시 대정읍,33.2218157,126.2529945
1513,solar,서귀포시 표선면,33.3504543,126.794049
1514,solar,제주시 한림읍,33.39344,126.26684
1515,solar,제주시 아라일동,33.46882,126.54574
1516,solar,제주시 애월읍,33.45079,126.3752
1517,solar,제주시 애월읍,33.45079,126.3752
1518,solar,제주시 한경면,33.3305,126.21066
1519,solar,제주시 한경면,33.3305,126.21066
1520,solar,제주시 애월읍,33.45079,126.3752
1521,solar,제주시 한경면,33.3305,126.21066
1522,solar,제주시 한림읍,33.39344,126.26684
1523,solar,서귀포시 대정읍,33.2218157,126.2529945
1524,solar,서귀포시 대정읍,33.2218157,126.2529945
1525,solar,서귀포시 성산읍,33.41805,126.88147
1526,solar,서귀포시 안덕면,33.27688,126.34925
1527,solar,제주시 한경면,33.3305,126.21066
1528,solar,제주시 회천동,33.4956,126.61479
1529,solar,제주시 회천동,33.4956,126.61479
1530,solar,제주시 한경면,33.3305,126.21066
1531,solar,제주시 한경면,33.3305,126.21066
1532,solar,제주시 한경면,33.3305,126.21066
1533,solar,제주시 한경면,33.3305,126.21066
1534,solar,제주시 한림읍,33.39344,126.26684
1535,solar,제주시 한림읍,33.39344,126.26684
1536,solar,제주시 한경면,33.3305,126.21066
1537,solar,제주시 한경면,33.3305,126.21066
1538,solar,제주시 한경면,33.3305,126.21066
1539,solar,제주시 한경면,33.3305,126.21066
1540,solar,제주시 한림읍,33.39344,126.26684
1541,solar,서귀포시 남원읍,33.3076683,126.6907475
1542,solar,서귀포시 성산읍,33.41805,126.88147
1543,solar,서귀포시 성산읍,33.41805,126.88147
1544,solar,서귀포시 표선면,33.3504543,126.794049
1545,solar,서귀포시 표선면,33.3504543,126.794049
1546,solar,제주시 구좌읍,33.51662,126.81055
1547,solar,제주시 구좌읍,33.51662,126.81055
1548,solar,제주시 애월읍,33.45079,126.3752
1549,solar,제주시 애월읍,33.45079,126.3752
1550,solar,제주시 한경면,33.3305,126.21066
1551,solar,제주시 회천동,33.4956,126.61479
1552,solar,제주시 구좌읍,33.51662,126.81055
1553,solar,제주시 구좌읍,33.51662,126.81055
1554,solar,제주시 구좌읍,33.51662,126.81055
1555,solar,제주시 구좌읍,33.51662,126.81055
1556,solar,제주시 구좌읍,33.51662,126.81055
1557,solar,제주시 조천읍,33.50888,126.66305
1558,solar,제주시 한경면,33.3305,126.21066
1559,solar,제주시 한경면,33.3305,126.21066
1560,solar,서귀포시 대정읍,33.2218157,126.2529945
1561,solar,서귀포시 대정읍,33.2218157,126.2529945
1562,solar,서귀포시 상효동,33.2896254,126.5945088
1563,solar,제주시 오라이동,33.47081,126.50991
1564,solar,제주시 조천읍,33.50888,126.66305
1565,solar,제주시 한림읍,33.39344,126.26684
1566,solar,서귀포시 동홍동,33.26184,126.56804
1567,solar,제주시 한림읍,33.39344,126.26684
1568,solar,제주시 조천읍,33.50888,126.66305
1569,solar,서귀포시 남원읍,33.3076683,126.6907475
1570,solar,서귀포시 대정읍,33.2218157,126.2529945
1571,solar,제주시 구좌읍,33.51662,126.81055
1572,solar,서귀포시 표선면,33.3504543,126.794049
1573,solar,서귀포시 성산읍,33.41805,126.88147
1574,solar,서귀포시 성산읍,33.41805,126.88147
1575,solar,제주시 조천읍,33.50888,126.66305
1576,solar,서귀포시 대정읍,33.2218157,126.2529945
1577,solar,제주시 조천읍,33.50888,126.66305
1578,solar,서귀포시 남원읍,33.3076683,126.6907475
1579,solar,서귀포시 대정읍,33.2218157,126.2529945
1580,solar,서귀포시 표선면,33.3504543,126.794049
1581,solar,서귀포시 성산읍,33.41805,126.88147
1582,solar,제주시 한림읍,33.39344,126.26684
1583,solar,서귀포시 표선면,33.3504543,126.794049
1584,solar,서귀포시 표선면,33.3504543,126.794049
1585,solar,제주시 애월읍,33.45079,126.3752
1586,solar,제주시 애월읍,33.45079,126.3752
1587,solar,제주시 구좌읍,33.51662,126.81055
1588,solar,서귀포시 대정읍,33.2218157,126.2529945
1589,solar,제주시 조천읍,33.50888,126.66305
1590,solar,제주시 애월읍,33.45079,126.3752
1591,solar,제주시 조천읍,33.50888,126.66305
1592,solar,제주시 한림읍,33.39344,126.26684
1593,solar,서귀포시 안덕면,33.27688,126.34925
1594,solar,제주시 조천읍,33.50888,126.66305
1595,solar,제주시 조천읍,33.50888,126.66305
1596,solar,제주시 한경면,33.3305,126.21066
1597,solar,서귀포시 남원읍,33.3076683,126.6907475
1598,solar,서귀포시 표선면,33.3504543,126.794049
1599,solar,제주시 회천동,33.4956,126.61479
1600,solar,서귀포시 대정읍,33.2218157,126.2529945
1601,solar,제주시 조천읍,33.50888,126.66305
1602,solar,제주시 조천읍,33.50888,126.66305
1603,solar,제주시 한림읍,33.39344,126.26684
1604,solar,서귀포시 남원읍,33.3076683,126.6907475
1605,solar,제주시 애월읍,33.45079,126.3752
1606,solar,제주시 애월읍,33.45079,126.3752
1607,solar,제주시 애월읍,33.45079,126.3752
1608,solar,제주시 한림읍,33.39344,126.26684
1609,solar,서귀포시 상예동,33.26177,126.38678
1610,solar,제주시 애월읍,33.45079,126.3752
1611,solar,서귀포시 표선면,33.3504543,126.794049
1612,solar,제주시 한경면,33.3305,126.21066
1613,solar,제주시 한림읍,33.39344,126.26684
1614,solar,제주시 한림읍,33.39344,126.26684
1615,solar,제주시 한림읍,33.39344,126.26684
1616,solar,제주시 회천동,33.4956,126.61479
1617,solar,제주시 한림읍,33.39344,126.26684
1618,solar,서귀포시 대정읍,33.2218157,126.2529945
1619,solar,서귀포시 안덕면,33.27688,126.34925
1620,solar,제주시 조천읍,33.50888,126.66305
1621,solar,서귀포시 대정읍,33.2218157,126.2529945
1622,solar,서귀포시 대정읍,33.2218157,126.2529945
1623,solar,제주시 애월읍,33.45079,126.3752
1624,solar,제주시 한림읍,33.39344,126.26684
1625,solar,서귀포시 안덕면,33.27688,126.34925
1626,solar,제주시 애월읍,33.45079,126.3752
1627,solar,제주시 애월읍,33.45079,126.3752
1628,solar,제주시 한경면,33.3305,126.21066
1629,solar,제주시 한경면,33.3305,126.21066
1630,solar,서귀포시 성산읍,33.41805,126.88147
1631,solar,서귀포시 표선면,33.3504543,126.794049
1632,solar,제주시 구좌읍,33.51662,126.81055
1633,solar,제주시 애월읍,33.45079,126.3752
1634,solar,제주시 용강동,33.47017,126.58934
1635,solar,서귀포시 성산읍,33.41805,126.88147
1636,solar,제주시 한림읍,33.39344,126.26684
1637,solar,제주시 조천읍,33.50888,126.66305
1638,solar,제주시 조천읍,33.50888,126.66305
1639,solar,제주시 한경면,33.3305,126.21066
1640,solar,서귀포시 성산읍,33.41805,126.88147
1641,solar,제주시 애월읍,33.45079,126.3752
1642,solar,제주시 조천읍,33.50888,126.66305
1643,solar,서귀포시 남원읍,33.3076683,126.6907475
1644,solar,서귀포시 대정읍,33.2218157,126.2529945
1645,solar,서귀포시 대정읍,33.2218157,126.2529945
1646,solar,제주시 애월읍,33.45079,126.3752
1647,solar,서귀포시 표선면,33.3504543,126.794049
1648,solar,제주시 한림읍,33.39344,126.26684
1649,solar,제주시 구좌읍,33.51662,126.81055
1650,solar,제주시 구좌읍,33.51662,126.81055
1651,solar,제주시 구좌읍,33.51662,126.81055
1652,solar,제주시 구좌읍,33.51662,126.81055
1653,solar,서귀포시 대정읍,33.2218157,126.2529945
1654,solar,서귀포시 대정읍,33.2218157,126.2529945
1655,solar,제주시 조천읍,33.50888,126.66305
1656,solar,제주시 한림읍,33.39344,126.26684
1657,solar,제주시 구좌읍,33.51662,126.81055
1658,solar,제주시 구좌읍,33.51662,126.81055
1659,solar,제주시 구좌읍,33.51662,126.81055
1660,solar,서귀포시 남원읍,33.3076683,126.6907475
1661,solar,서귀포시 남원읍,33.3076683,126.6907475
1662,solar,서귀포시 안덕면,33.27688,126.34925
1663,solar,제주시 애월읍,33.45079,126.3752
1664,solar,제주시 한경면,33.3305,126.21066
1665,solar,제주시 한경면,33.3305,126.21066
1666,solar,제주시 구좌읍,33.51662,126.81055
1667,solar,서귀포시 대정읍,33.2218157,126.2529945
1668,solar,서귀포시 호근동,33.25632,126.53351
1669,solar,서귀포시 호근동,33.25632,126.53351
1670,solar,제주시 구좌읍,33.51662,126.81055
1671,solar,서귀포시 성산읍,33.41805,126.88147
1672,solar,제주시 한림읍,33.39344,126.26684
1673,solar,제주시 구좌읍,33.51662,126.81055
1674,solar,제주시 구좌읍,33.51662,126.81055
1675,solar,제주시 오라이동,33.47081,126.50991
1676,solar,제주시 조천읍,33.50888,126.66305
1677,solar,제주시 한림읍,33.39344,126.26684
1678,solar,서귀포시 표선면,33.3504543,126.794049
1679,solar,제주시 한경면,33.3305,126.21066
1680,solar,제주시 한림읍,33.39344,126.26684
1681,solar,제주시 한림읍,33.39344,126.26684
1682,solar,제주시 한림읍,33.39344,126.26684
1683,solar,제주시 한림읍,33.39344,126.26684
1684,solar,서귀포시 남원읍,33.3076683,126.6907475
1685,solar,서귀포시 대정읍,33.2218157,126.2529945
1686,solar,서귀포시 안덕면,33.27688,126.34925
1687,solar,제주시 한경면,33.3305,126.21066
1688,solar,제주시 한림읍,33.39344,126.26684
1689,solar,제주시 구좌읍,33.51662,126.81055
1690,solar,제주시 조천읍,33.50888,126.66305
1691,solar,서귀포시 표선면,33.3504543,126.794049
1692,solar,제주시 한경면,33.3305,126.21066
1693,solar,서귀포시 남원읍,33.3076683,126.6907475
1694,solar,서귀포시 대정읍,33.2218157,126.2529945
1695,solar,서귀포시 도순동,33.2569662,126.4731036
1696,solar,서귀포시 안덕면,33.27688,126.34925
1697,solar,서귀포시 표선면,33.3504543,126.794049
1698,solar,제주시 일도이동,33.50864,126.53795
1699,solar,제주시 구좌읍,33.51662,126.81055
1700,solar,서귀포시 대정읍,33.2218157,126.2529945
1701,solar,제주시 삼양일동,33.52345,126.599
1702,solar,서귀포시 표선면,33.3504543,126.794049
1703,solar,제주시 한경면,33.3305,126.21066
1704,solar,제주시 구좌읍,33.51662,126.81055
1705,solar,제주시 구좌읍,33.51662,126.81055
1706,solar,서귀포시 성산읍,33.41805,126.88147
1707,solar,제주시 외도일동,33.4855847,126.4284514
1708,solar,제주시 한림읍,33.39344,126.26684
1709,solar,제주시 해안동,33.44899,126.46036
1710,solar,제주시 회천동,33.4956,126.61479
1711,solar,제주시 봉개동,33.484188,126.5993497
1712,solar,제주시 애월읍,33.45079,126.3752
1713,solar,제주시 한경면,33.3305,126.21066
1714,solar,서귀포시 성산읍,33.41805,126.88147
1715,solar,제주시 용강동,33.47017,126.58934
1716,solar,제주시 용강동,33.47017,126.58934
1717,solar,제주시 구좌읍,33.51662,126.81055
1718,solar,제주시 삼양일동,33.52345,126.599
1719,solar,서귀포시 성산읍,33.41805,126.88147
1720,solar,제주시 조천읍,33.50888,126.66305
1721,solar,서귀포시 표선면,33.3504543,126.794049
1722,solar,제주시 한림읍,33.39344,126.26684
1723,solar,서귀포시 남원읍,33.3076683,126.6907475
1724,solar,서귀포시 남원읍,33.3076683,126.6907475
1725,solar,서귀포시 남원읍,33.3076683,126.6907475
1726,solar,서귀포시 성산읍,33.41805,126.88147
1727,solar,제주시 오라이동,33.47081,126.50991
1728,solar,서귀포시 표선면,33.3504543,126.794049
1729,solar,제주시 한경면,33.3305,126.21066
1730,solar,제주시 한림읍,33.39344,126.26684
1731,solar,서귀포시 성산읍,33.41805,126.88147
1732,solar,서귀포시 성산읍,33.41805,126.88147
1733,solar,서귀포시 성산읍,33.41805,126.88147
1734,solar,서귀포시 성산읍,33.41805,126.88147
1735,solar,서귀포시 남원읍,33.3076683,126.6907475
1736,solar,서귀포시 대정읍,33.2218157,126.2529945
1737,solar,서귀포시 성산읍,33.41805,126.88147
1738,solar,제주시 애월읍,33.45079,126.3752
1739,solar,제주시 애월읍,33.45079,126.3752
1740,solar,제주시 조천읍,33.50888,126.66305
1741,solar,제주시 한경면,33.3305,126.21066
1742,solar,제주시 한림읍,33.39344,126.26684
1743,solar,제주시 한림읍,33.39344,126.26684
1744,solar,제주시 한경면,33.3305,126.21066
1745,solar,제주시 해안동,33.44899,126.46036
1746,solar,제주시 구좌읍,33.51662,126.81055
1747,solar,서귀포시 대정읍,33.2218157,126.2529945
1748,solar,제주시 한경면,33.3305,126.21066
1749,solar,서귀포시 성산읍,33.41805,126.88147
1750,solar,서귀포시 대정읍,33.2218157,126.2529945
1751,solar,서귀포시 법환동,33.24113,126.51285
1752,solar,서귀포시 성산읍,33.41805,126.88147
1753,solar,서귀포시 대정읍,33.2218157,126.2529945
1754,solar,제주시 애월읍,33.45079,126.3752
1755,solar,제주시 한림읍,33.39344,126.26684
1756,solar,제주시 봉개동,33.484188,126.5993497
1757,solar,제주시 아라이동,33.48148,126.55055
1758,solar,제주시 용담이동,33.50742,126.50615
1759,solar,서귀포시 대정읍,33.2218157,126.2529945
1760,solar,서귀포시 대정읍,33.2218157,126.2529945
1761,solar,서귀포시 대정읍,33.2218157,126.2529945
1762,solar,서귀포시 대정읍,33.2218157,126.2529945
1763,solar,서귀포시 대정읍,33.2218157,126.2529945
1764,solar,제주시 구좌읍,33.51662,126.81055
1765,solar,서귀포시 남원읍,33.3076683,126.6907475
1766,solar,서귀포시 남원읍,33.3076683,126.6907475
1767,solar,서귀포시 대정읍,33.2218157,126.2529945
1768,solar,제주시 애월읍,33.45079,126.3752
1769,solar,제주시 한경면,33.3305,126.21066
1770,solar,서귀포시 성산읍,33.41805,126.88147
1771,solar,서귀포시 성산읍,33.41805,126.88147
1772,solar,제주시 한경면,33.3305,126.21066
1773,solar,제주시 한경면,33.3305,126.21066
1774,solar,서귀포시 안덕면,33.27688,126.34925
1775,solar,서귀포시 표선면,33.3504543,126.794049
1776,solar,제주시 한림읍,33.39344,126.26684
1777,solar,제주시 한림읍,33.39344,126.26684
1778,solar,제주시 한림읍,33.39344,126.26684
1779,solar,서귀포시 상예동,33.26177,126.38678
1780,solar,제주시 한림읍,33.39344,126.26684
1781,solar,제주시 한림읍,33.39344,126.26684
1782,solar,제주시 한림읍,33.39344,126.26684
1783,solar,제주시 구좌읍,33.51662,126.81055
1784,solar,서귀포시 대정읍,33.2218157,126.2529945
1785,solar,제주시 애월읍,33.45079,126.3752
1786,solar,제주시 한림읍,33.39344,126.26684
1787,solar,제주시 구좌읍,33.51662,126.81055
1788,solar,서귀포시 대정읍,33.2218157,126.2529945
1789,solar,제주시 애월읍,33.45079,126.3752
1790,solar,제주시 애월읍,33.45079,126.3752
1791,solar,서귀포시 강정동,33.24695,126.48927
1792,solar,서귀포시 남원읍,33.3076683,126.6907475
1793,solar,서귀포시 성산읍,33.41805,126.88147
1794,solar,서귀포시 성산읍,33.41805,126.88147
1795,solar,제주시 한경면,33.3305,126.21066
1796,solar,서귀포시 남원읍,33.3076683,126.6907475
1797,solar,서귀포시 대정읍,33.2218157,126.2529945
1798,solar,서귀포시 안덕면,33.27688,126.34925
1799,solar,제주시 조천읍,33.50888,126.66305
1800,solar,제주시 한림읍,33.39344,126.26684
1801,solar,제주시 한림읍,33.39344,126.26684
1802,solar,서귀포시 안덕면,33.27688,126.34925
1803,solar,제주시 한경면,33.3305,126.21066
1804,solar,제주시 한경면,33.3305,126.21066
1805,solar,제주시 한경면,33.3305,126.21066
1806,solar,제주시 한경면,33.3305,126.21066
1807,solar,제주시 한림읍,33.39344,126.26684
1808,solar,제주시 조천읍,33.50888,126.66305
1809,solar,제주시 조천읍,33.50888,126.66305
1810,solar,제주시 한림읍,33.39344,126.26684
1811,solar,제주시 한림읍,33.39344,126.26684
1812,solar,제주시 회천동,33.4956,126.61479
1813,solar,서귀포시 표선면,33.3504543,126.794049
1814,solar,서귀포시 남원읍,33.3076683,126.6907475
1815,solar,서귀포시 성산읍,33.41805,126.88147
1816,solar,서귀포시 표선면,33.3504543,126.794049
1817,solar,서귀포시 표선면,33.3504543,126.794049
1818,solar,제주시 한림읍,33.39344,126.26684
1819,solar,제주시 한림읍,33.39344,126.26684
1820,solar,제주시 구좌읍,33.51662,126.81055
1821,solar,제주시 오라삼동,33.49487,126.50508
1822,solar,제주시 한림읍,33.39344,126.26684
1823,solar,제주시 한림읍,33.39344,126.26684
1824,solar,제주시 한림읍,33.39344,126.26684
1825,solar,제주시 한경면,33.3305,126.21066
1826,solar,서귀포시 호근동,33.25632,126.53351
1827,solar,서귀포시 대정읍,33.2218157,126.2529945
1828,solar,서귀포시 표선면,33.3504543,126.794049
1829,solar,서귀포시 표선면,33.3504543,126.794049
1830,solar,서귀포시 표선면,33.3504543,126.794049
1831,solar,제주시 한림읍,33.39344,126.26684
1832,solar,제주시 회천동,33.4956,126.61479
1833,solar,서귀포시 남원읍,33.3076683,126.6907475
1834,solar,제주시 애월읍,33.45079,126.3752
1835,solar,서귀포시 표선면,33.3504543,126.794049
1836,solar,제주시 애월읍,33.45079,126.3752
1837,solar,제주시 조천읍,33.50888,126.66305
1838,solar,서귀포시 표선면,33.3504543,126.794049
1839,solar,제주시 한경면,33.3305,126.21066
1840,solar,제주시 한경면,33.3305,126.21066
1841,solar,제주시 한경면,33.3305,126.21066
1842,solar,서귀포시 남원읍,33.3076683,126.6907475
1843,solar,서귀포시 안덕면,33.27688,126.34925
1844,solar,서귀포시 안덕면,33.27688,126.34925
1845,solar,서귀포시 표선면,33.3504543,126.794049
1846,solar,서귀포시 표선면,33.3504543,126.794049
1847,solar,제주시 한림읍,33.39344,126.26684
1848,solar,제주시 한림읍,33.39344,126.26684
1849,solar,제주시 해안동,33.44899,126.46036
1850,solar,제주시 한경면,33.3305,126.21066
1851,solar,제주시 한경면,33.3305,126.21066
1852,solar,제주시 한림읍,33.39344,126.26684
1853,solar,제주시 조천읍,33.50888,126.66305
1854,solar,제주시 조천읍,33.50888,126.66305
1855,solar,제주시 조천읍,33.50888,126.66305
1856,solar,제주시 조천읍,33.50888,126.66305
1857,solar,제주시 한경면,33.3305,126.21066
1858,solar,서귀포시 표선면,33.3504543,126.794049
1859,solar,서귀포시 표선면,33.3504543,126.794049
1860,solar,제주시 조천읍,33.50888,126.66305
1861,solar,제주시 조천읍,33.50888,126.66305
1862,solar,제주시 한경면,33.3305,126.21066
1863,solar,제주시 한림읍,33.39344,126.26684
1864,solar,제주시 한림읍,33.39344,126.26684
1865,solar,제주시 한림읍,33.39344,126.26684
1866,solar,제주시 한림읍,33.39344,126.26684
1867,solar,제주시 한림읍,33.39344,126.26684
1868,solar,제주시 구좌읍,33.51662,126.81055
1869,solar,제주시 구좌읍,33.51662,126.81055
1870,solar,제주시 애월읍,33.45079,126.3752
1871,solar,제주시 애월읍,33.45079,126.3752
1872,solar,제주시 애월읍,33.45079,126.3752
1873,solar,제주시 조천읍,33.50888,126.66305
1874,solar,제주시 한경면,33.3305,126.21066
1875,solar,제주시 한경면,33.3305,126.21066
1876,solar,제주시 한림읍,33.39344,126.26684
1877,solar,제주시 한림읍,33.39344,126.26684
1878,solar,제주시 한림읍,33.39344,126.26684
1879,solar,제주시 한림읍,33.39344,126.26684
1880,solar,제주시 회천동,33.4956,126.61479
1881,solar,제주시 구좌읍,33.51662,126.81055
1882,solar,제주시 구좌읍,33.51662,126.81055
1883,solar,제주시 애월읍,33.45079,126.3752
1884,solar,제주시 한림읍,33.39344,126.26684
1885,solar,제주시 한림읍,33.39344,126.26684
1886,solar,서귀포시 대정읍,33.2218157,126.2529945
1887,solar,서귀포시 대정읍,33.2218157,126.2529945
1888,solar,제주시 애월읍,33.45079,126.3752
1889,solar,제주시 일도이동,33.50864,126.53795
1890,solar,제주시 한경면,33.3305,126.21066
1891,solar,제주시 한림읍,33.39344,126.26684
1892,solar,제주시 구좌읍,33.51662,126.81055
1893,solar,제주시 구좌읍,33.51662,126.81055
1894,solar,제주시 애월읍,33.45079,126.3752
1895,solar,제주시 애월읍,33.45079,126.3752
1896,solar,제주시 애월읍,33.45079,126.3752
1897,solar,서귀포시 대정읍,33.2218157,126.2529945
1898,solar,제주시 한경면,33.3305,126.21066
1899,solar,제주시 한림읍,33.39344,126.26684
1900,solar,제주시 한림읍,33.39344,126.26684
1901,solar,제주시 구좌읍,33.51662,126.81055
1902,solar,서귀포시 성산읍,33.41805,126.88147
1903,solar,제주시 회천동,33.4956,126.61479
1904,solar,서귀포시 강정동,33.24695,126.48927
1905,solar,서귀포시 남원읍,33.3076683,126.6907475
1906,solar,제주시 용담이동,33.50742,126.50615
1907,solar,서귀포시 월평동,33.24501,126.46294
1908,solar,제주시 조천읍,33.50888,126.66305
1909,solar,제주시 한림읍,33.39344,126.26684
1910,solar,서귀포시 상예동,33.26177,126.38678
1911,solar,제주시 애월읍,33.45079,126.3752
1912,solar,제주시 한경면,33.3305,126.21066
1913,solar,제주시 한경면,33.3305,126.21066
1914,solar,제주시 한림읍,33.39344,126.26684
1915,solar,제주시 한림읍,33.39344,126.26684
1916,solar,서귀포시 남원읍,33.3076683,126.6907475
1917,solar,서귀포시 안덕면,33.27688,126.34925
1918,solar,서귀포시 중문동,33.262002,126.4288617
1919,solar,서귀포시 남원읍,33.3076683,126.6907475
1920,solar,서귀포시 대정읍,33.2218157,126.2529945
1921,solar,서귀포시 대정읍,33.2218157,126.2529945
1922,solar,서귀포시 대정읍,33.2218157,126.2529945
1923,solar,서귀포시 대정읍,33.2218157,126.2529945
1924,solar,서귀포시 안덕면,33.27688,126.34925
1925,solar,제주시 구좌읍,33.51662,126.81055
1926,solar,서귀포시 남원읍,33.3076683,126.6907475
1927,solar,제주시 봉개동,33.484188,126.5993497
1928,solar,제주시 조천읍,33.50888,126.66305
1929,solar,제주시 조천읍,33.50888,126.66305
1930,solar,제주시 도두일동,33.5034656,126.4707206
1931,solar,제주시 한경면,33.3305,126.21066
1932,solar,제주시 한림읍,33.39344,126.26684
1933,solar,서귀포시 대정읍,33.2218157,126.2529945
1934,solar,제주시 애월읍,33.45079,126.3752
1935,solar,제주시 한경면,33.3305,126.21066
1936,solar,제주시 한경면,33.3305,126.21066
1937,solar,제주시 한경면,33.3305,126.21066
1938,solar,서귀포시 남원읍,33.3076683,126.6907475
1939,solar,서귀포시 남원읍,33.3076683,126.6907475
1940,solar,서귀포시 대정읍,33.2218157,126.2529945
1941,solar,서귀포시 대정읍,33.2218157,126.2529945
1942,solar,제주시 애월읍,33.45079,126.3752
1943,solar,제주시 한경면,33.3305,126.21066
1944,solar,서귀포시 남원읍,33.3076683,126.6907475
1945,solar,서귀포시 남원읍,33.3076683,126.6907475
1946,solar,서귀포시 남원읍,33.3076683,126.6907475
1947,solar,서귀포시 중문동,33.262002,126.4288617
1948,solar,서귀포시 중문동,33.262002,126.4288617
1949,solar,제주시 한경면,33.3305,126.21066
1950,solar,제주시 구좌읍,33.51662,126.81055
1951,solar,서귀포시 대정읍,33.2218157,126.2529945
1952,solar,서귀포시 대정읍,33.2218157,126.2529945
1953,solar,서귀포시 대정읍,33.2218157,126.2529945
1954,solar,제주시 애월읍,33.45079,126.3752
1955,solar,제주시 조천읍,33.50888,126.66305
1956,solar,서귀포시 남원읍,33.3076683,126.6907475
1957,solar,서귀포시 남원읍,33.3076683,126.6907475
1958,solar,서귀포시 안덕면,33.27688,126.34925
1959,solar,서귀포시 안덕면,33.27688,126.34925
1960,solar,제주시 화북이동,33.50469,126.5648
1961,solar,서귀포시 강정동,33.24695,126.48927
1962,solar,서귀포시 강정동,33.24695,126.48927
1963,solar,서귀포시 대정읍,33.2218157,126.2529945
1964,solar,제주시 한림읍,33.39344,126.26684
1965,solar,제주시 한림읍,33.39344,126.26684
1966,solar,제주시 한림읍,33.39344,126.26684
1967,solar,제주시 한림읍,33.39344,126.26684
1968,solar,서귀포시 남원읍,33.3076683,126.6907475
1969,solar,제주시 도남동,33.4905148,126.5239964
1970,solar,제주시 애월읍,33.45079,126.3752
1971,solar,제주시 조천읍,33.50888,126.66305
1972,solar,서귀포시 토평동,33.2705286,126.5841149
1973,solar,서귀포시 표선면,33.3504543,126.794049
1974,solar,서귀포시 회수동,33.26549,126.44363
1975,solar,제주시 봉개동,33.484188,126.5993497
1976,solar,제주시 한경면,33.3305,126.21066
1977,solar,제주시 한경면,33.3305,126.21066
1978,solar,서귀포시 안덕면,33.27688,126.34925
1979,solar,서귀포시 안덕면,33.27688,126.34925
1980,solar,제주시 조천읍,33.50888,126.66305
1981,solar,서귀포시 회수동,33.26549,126.44363
1982,solar,서귀포시 회수동,33.26549,126.44363
1983,solar,서귀포시 회수동,33.26549,126.44363
1984,solar,서귀포시 남원읍,33.3076683,126.6907475
1985,solar,서귀포시 성산읍,33.41805,126.88147
1986,solar,서귀포시 성산읍,33.41805,126.88147
1987,solar,서귀포시 성산읍,33.41805,126.88147
1988,solar,서귀포시 성산읍,33.41805,126.88147
1989,solar,서귀포시 상예동,33.26177,126.38678
1990,solar,제주시 애월읍,33.45079,126.3752
1991,solar,제주시 이도일동,33.5059,126.5278
1992,solar,제주시 한림읍,33.39344,126.26684
1993,solar,제주시 한림읍,33.39344,126.26684
1994,solar,제주시 한림읍,33.39344,126.26684
1995,solar,서귀포시 안덕면,33.27688,126.34925
1996,solar,서귀포시 안덕면,33.27688,126.34925
1997,solar,제주시 애월읍,33.45079,126.3752
1998,solar,제주시 한림읍,33.39344,126.26684
1999,solar,제주시 한림읍,33.39344,126.26684
2000,solar,제주시 한림읍,33.39344,126.26684
2001,solar,제주시 한림읍,33.39344,126.26684
2002,solar,제주시 구좌읍,33.51662,126.81055
2003,solar,제주시 구좌읍,33.51662,126.81055
2004,solar,제주시 구좌읍,33.51662,126.81055
2005,solar,제주시 구좌읍,33.51662,126.81055
2006,solar,서귀포시 남원읍,33.3076683,126.6907475
2007,solar,제주시 애월읍,33.45079,126.3752
2008,solar,서귀포시 남원읍,33.3076683,126.6907475
2009,solar,서귀포시 남원읍,33.3076683,126.6907475
2010,solar,서귀포시 남원읍,33.3076683,126.6907475
2011,solar,서귀포시 표선면,33.3504543,126.794049
2012,solar,서귀포시 대정읍,33.2218157,126.2529945
2013,solar,서귀포시 안덕면,33.27688,126.34925
2014,solar,서귀포시 안덕면,33.27688,126.34925
2015,solar,제주시 봉개동,33.484188,126.5993497
2016,solar,제주시 애월읍,33.45079,126.3752
2017,solar,제주시 한경면,33.3305,126.21066
2018,solar,제주시 한림읍,33.39344,126.26684
2019,solar,제주시 한림읍,33.39344,126.26684
2020,solar,제주시 구좌읍,33.51662,126.81055
2021,solar,제주시 구좌읍,33.51662,126.81055
2022,solar,제주시 한림읍,33.39344,126.26684
2023,solar,서귀포시 대정읍,33.2218157,126.2529945
2024,solar,서귀포시 법환동,33.24113,126.51285
2025,solar,서귀포시 상예동,33.26177,126.38678
2026,solar,서귀포시 표선면,33.3504543,126.794049
2027,solar,서귀포시 성산읍,33.41805,126.88147
2028,solar,서귀포시 성산읍,33.41805,126.88147
2029,solar,서귀포시 성산읍,33.41805,126.88147
2030,solar,서귀포시 성산읍,33.41805,126.88147
2031,solar,제주시 애월읍,33.45079,126.3752
2032,solar,제주시 조천읍,33.50888,126.66305
2033,solar,서귀포시 표선면,33.3504543,126.794049
2034,solar,서귀포시 표선면,33.3504543,126.794049
2035,solar,제주시 한림읍,33.39344,126.26684
2036,solar,제주시 한림읍,33.39344,126.26684
2037,solar,제주시 구좌읍,33.51662,126.81055
2038,solar,제주시 구좌읍,33.51662,126.81055
2039,solar,제주시 구좌읍,33.51662,126.81055
2040,solar,제주시 구좌읍,33.51662,126.81055
2041,solar,제주시 구좌읍,33.51662,126.81055
2042,solar,제주시 구좌읍,33.51662,126.81055
2043,solar,제주시 구좌읍,33.51662,126.81055
2044,solar,제주시 구좌읍,33.51662,126.81055
2045,solar,제주시 구좌읍,33.51662,126.81055
2046,solar,서귀포시 안덕면,33.27688,126.34925
2047,solar,서귀포시 안덕면,33.27688,126.34925
2048,solar,서귀포시 안덕면,33.27688,126.34925
2049,solar,서귀포시 안덕면,33.27688,126.34925
2050,solar,서귀포시 안덕면,33.27688,126.34925
2051,solar,제주시 구좌읍,33.51662,126.81055
2052,solar,서귀포시 남원읍,33.3076683,126.6907475
2053,solar,서귀포시 안덕면,33.27688,126.34925
2054,solar,서귀포시 표선면,33.3504543,126.794049
2055,solar,제주시 한림읍,33.39344,126.26684
2056,solar,서귀포시 표선면,33.3504543,126.794049
2057,solar,서귀포시 표선면,33.3504543,126.794049
2058,solar,서귀포시 표선면,33.3504543,126.794049
2059,solar,서귀포시 표선면,33.3504543,126.794049
2060,solar,제주시 한경면,33.3305,126.21066
2061,solar,서귀포시 대정읍,33.2218157,126.2529945
2062,solar,서귀포시 대정읍,33.2218157,126.2529945
2063,solar,서귀포시 대정읍,33.2218157,126.2529945
2064,solar,제주시 한림읍,33.39344,126.26684
2065,solar,제주시 한림읍,33.39344,126.26684
2066,solar,제주시 연동,33.47575,126.49418
2067,solar,제주시 연동,33.47575,126.49418
2068,solar,제주시 한경면,33.3305,126.21066
2069,solar,서귀포시 안덕면,33.27688,126.34925
2070,solar,제주시 구좌읍,33.51662,126.81055
2071,solar,제주시 구좌읍,33.51662,126.81055
2072,solar,제주시 구좌읍,33.51662,126.81055
2073,solar,제주시 구좌읍,33.51662,126.81055
2074,solar,서귀포시 성산읍,33.41805,126.88147
2075,solar,서귀포시 성산읍,33.41805,126.88147
2076,solar,제주시 회천동,33.4956,126.61479
2077,solar,제주시 회천동,33.4956,126.61479
2078,solar,제주시 구좌읍,33.51662,126.81055
2079,solar,제주시 구좌읍,33.51662,126.81055
2080,solar,제주시 한림읍,33.39344,126.26684
2081,solar,제주시 구좌읍,33.51662,126.81055
2082,solar,서귀포시 안덕면,33.27688,126.34925
2083,solar,제주시 한림읍,33.39344,126.26684
2084,solar,제주시 구좌읍,33.51662,126.81055
2085,solar,제주시 한림읍,33.39344,126.26684
2086,solar,제주시 회천동,33.4956,126.61479
2087,solar,서귀포시 대정읍,33.2218157,126.2529945
2088,solar,서귀포시 대정읍,33.2218157,126.2529945
2089,solar,서귀포시 안덕면,33.27688,126.34925
2090,solar,제주시 구좌읍,33.51662,126.81055
2091,solar,서귀포시 남원읍,33.3076683,126.6907475
2092,solar,서귀포시 남원읍,33.3076683,126.6907475
2093,solar,서귀포시 남원읍,33.3076683,126.6907475
2094,solar,서귀포시 성산읍,33.41805,126.88147
2095,solar,서귀포시 성산읍,33.41805,126.88147
2096,solar,서귀포시 성산읍,33.41805,126.88147
2097,solar,서귀포시 성산읍,33.41805,126.88147
2098,solar,서귀포시 성산읍,33.41805,126.88147
2099,solar,서귀포시 성산읍,33.41805,126.88147
2100,solar,제주시 구좌읍,33.51662,126.81055
2101,solar,서귀포시 안덕면,33.27688,126.34925
2102,solar,제주시 한림읍,33.39344,126.26684
2103,solar,제주시 한림읍,33.39344,126.26684
2104,solar,서귀포시 남원읍,33.3076683,126.6907475
2105,solar,서귀포시 남원읍,33.3076683,126.6907475
2106,solar,서귀포시 남원읍,33.3076683,126.6907475
2107,solar,서귀포시 성산읍,33.41805,126.88147
2108,solar,서귀포시 대정읍,33.2218157,126.2529945
2109,solar,제주시 한경면,33.3305,126.21066
2110,solar,제주시 한림읍,33.39344,126.26684
2111,solar,제주시 구좌읍,33.51662,126.81055
2112,solar,제주시 구좌읍,33.51662,126.81055
2113,solar,제주시 구좌읍,33.51662,126.81055
2114,solar,제주시 구좌읍,33.51662,126.81055
2115,solar,제주시 구좌읍,33.51662,126.81055
2116,solar,제주시 한림읍,33.39344,126.26684
2117,solar,제주시 한림읍,33.39344,126.26684
2118,solar,서귀포시 성산읍,33.41805,126.88147
2119,solar,서귀포시 성산읍,33.41805,126.88147
2120,solar,서귀포시 성산읍,33.41805,126.88147
2121,solar,서귀포시 성산읍,33.41805,126.88147
2122,solar,서귀포시 성산읍,33.41805,126.88147
2123,solar,서귀포시 성산읍,33.41805,126.88147
2124,solar,서귀포시 성산읍,33.41805,126.88147
2125,solar,서귀포시 성산읍,33.41805,126.88147
2126,solar,서귀포시 성산읍,33.41805,126.88147
2127,solar,서귀포시 성산읍,33.41805,126.88147
2128,solar,제주시 애월읍,33.45079,126.3752
2129,solar,제주시 애월읍,33.45079,126.3752
2130,solar,제주시 조천읍,33.50888,126.66305
2131,solar,제주시 조천읍,33.50888,126.66305
2132,solar,제주시 한림읍,33.39344,126.26684
2133,solar,제주시 한경면,33.3305,126.21066
2134,solar,제주시 한림읍,33.39344,126.26684
2135,solar,서귀포시 대정읍,33.2218157,126.2529945
2136,solar,제주시 한경면,33.3305,126.21066
2137,solar,제주시 한림읍,33.39344,126.26684
2138,solar,제주시 구좌읍,33.51662,126.81055
2139,solar,제주시 구좌읍,33.51662,126.81055
2140,solar,서귀포시 표선면,33.3504543,126.794049
2141,solar,제주시 한경면,33.3305,126.21066
2142,solar,제주시 한경면,33.3305,126.21066
2143,solar,제주시 한림읍,33.39344,126.26684
2144,solar,제주시 한림읍,33.39344,126.26684
2145,solar,제주시 한림읍,33.39344,126.26684
2146,solar,서귀포시 성산읍,33.41805,126.88147
2147,wind,제주특별자치도 제주시 조천읍,33.50888,126.66305
2148,wind,제주특별자치도 제주시 구좌읍,33.51662,126.81055
2149,wind,제주특별자치도 서귀포시 남원읍,33.3076683,126.6907475
2150,wind,제주특별자치도 제주시 구좌읍,33.51662,126.81055
2151,wind,제주특별자치도 제주시 한림읍,33.39344,126.26684
2152,wind,제주특별자치도 제주시 구좌읍,33.51662,126.81055
2153,wind,제주특별자치도 서귀포시 표선면,33.3504543,126.794049
2154,wind,제주특별자치도 제주시 구좌읍 해맞이해안로,33.5385084,126.8367709
2155,wind,제주특별자치도 제주시 구좌읍,33.51662,126.81055
2156,wind,제주특별자치도 제주시 구좌읍 해맞이해안로,33.5385084,126.8367709
2157,wind,제주특별자치도 제주시 구좌읍,33.51662,126.81055
2158,wind,제주특별자치도 제주시 구좌읍 해맞이해안로,33.5385084,126.8367709
2159,wind,제주특별자치도 제주시 구좌읍,33.51662,126.81055
2160,wind,제주특별자치도 서귀포시 표선면,33.3504543,126.794049
2161,wind,제주특별자치도 서귀포시 성산읍,33.41805,126.88147
2162,wind,제주특별자치도 제주시 구좌읍,33.51662,126.81055
2163,wind,제주특별자치도 서귀포시 성산읍,33.41805,126.88147
2164,wind,제주특별자치도 제주시 한경면,33.3305,126.21066
2165,wind,제주특별자치도 제주시 한림읍,33.39344,126.26684
2166,wind,제주특별자치도 제주시 한경면,33.3305,126.21066
2167,wind,제주특별자치도 제주시 한경면,33.3305,126.21066
2168,wind,제주특별자치도 제주시 구좌읍,33.51662,126.81055
